CHR	POS1	POS2	motif_chr	motif_start	motif_end	motif_id	snp_pos	ref	alt	phase	better_strand	delta_score	h1_score	h2_score	ref_seq	alt_seq	abs_delta	motif_effect	n_motif_snps	strongest_effect	anchor_summary	GENOME_x	variant_id	DIFF_LOG2_data1	DIFF_LOG2_data2	transcription_factor_data1	haplotype1_data1	haplotype2_data1	HMAX_data1	transcription_factor_data2	haplotype1_data2	haplotype2_data2	HMAX_data2	LENGTH	Unnamed: 0	btwn_lines	GENOME_y	prediction_quality	ref_more_reads	quality_motif
chr1	153617749	153617807	chr1	153617768	153617787	-motif252	153617778	C	A	0|1	REF	2.556	2.556	0.0	CCCCTGCTCCCTCTGGTGG	.	2.556	1	3	2	SNP that strongly alters CTCF motif strength.	GM	chr1_153617749_153617807	-4.954	-4.948	CTCF_ENCSR000DKV	31.0	1.0	31	CTCF	290.718	8975.0	8975.0	58	26	1	GM12878	good	1	0
chr1	153617749	153617807	chr1	153617768	153617787	-motif252	153617778	C	A	0|1	REF	2.556	2.556	0.0	CCCCTGCTCCCTCTGGTGG	.	2.556	1	3	2	SNP that strongly alters CTCF motif strength.	GM	chr1_153617749_153617807	-4.7	-4.948	CTCF_ENCSR000DRZ	26.0	1.0	26	CTCF	290.718	8975.0	8975.0	58	20	1	GM12878	good	1	0
chr1	153617749	153617807	chr1	153617771	153617790	-motif253	153617778	C	A	0|1	REF	7.354	19.795	12.44	CTGCTCCCTCTGGTGGTGG	CTGCTCACTCTGGTGGTGG	7.354	2	3	2	SNP that strongly alters CTCF motif strength.	GM	chr1_153617749_153617807	-4.954	-4.948	CTCF_ENCSR000DKV	31.0	1.0	31	CTCF	290.718	8975.0	8975.0	58	26	1	GM12878	good	1	1
chr1	153617749	153617807	chr1	153617771	153617790	-motif253	153617778	C	A	0|1	REF	7.354	19.795	12.44	CTGCTCCCTCTGGTGGTGG	CTGCTCACTCTGGTGGTGG	7.354	2	3	2	SNP that strongly alters CTCF motif strength.	GM	chr1_153617749_153617807	-4.7	-4.948	CTCF_ENCSR000DRZ	26.0	1.0	26	CTCF	290.718	8975.0	8975.0	58	20	1	GM12878	good	1	1
chr1	153617749	153617807	chr1	153617773	153617792	+motif254	153617778	C	A	0|1	REF	0.183	0.183	0.0	GCTCCCTCTGGTGGTGGCC	.	0.183	0	3	2	SNP that strongly alters CTCF motif strength.	GM	chr1_153617749_153617807	-4.7	-4.948	CTCF_ENCSR000DRZ	26.0	1.0	26	CTCF	290.718	8975.0	8975.0	58	20	1	GM12878	good	1	0
chr1	153617749	153617807	chr1	153617773	153617792	+motif254	153617778	C	A	0|1	REF	0.183	0.183	0.0	GCTCCCTCTGGTGGTGGCC	.	0.183	0	3	2	SNP that strongly alters CTCF motif strength.	GM	chr1_153617749_153617807	-4.954	-4.948	CTCF_ENCSR000DKV	31.0	1.0	31	CTCF	290.718	8975.0	8975.0	58	26	1	GM12878	good	1	0
chr1	182069091	182069300	chr1	182069127	182069146	-motif317	182069133	C	T	0|1	REF	4.348	5.364	1.016	TGGCTCCCCCTTTGGCTCC	TGGCTTCCCCTTTGGCTCC	4.348	1	1	1	SNP that moderately affects CTCF motif strength.	GM	chr1_182069091_182069300	-4.0	-5.167	CTCF_ENCSR000DKV	16.0	1.0	16	CTCF	232.972	8371.0	8371.0	209	54	1	GM12878	good	1	0
chr1	182069091	182069300	chr1	182069127	182069146	-motif317	182069133	C	T	0|1	REF	4.348	5.364	1.016	TGGCTCCCCCTTTGGCTCC	TGGCTTCCCCTTTGGCTCC	4.348	1	1	1	SNP that moderately affects CTCF motif strength.	GM	chr1_182069091_182069300	-4.858	-5.167	CTCF_ENCSR000DRZ	29.0	1.0	29	CTCF	232.972	8371.0	8371.0	209	38	1	GM12878	good	1	0
chr1	196827861	196828319	chr1	196828214	196828233	+motif332	196828227	G	A	1|0	ALT	1.382	1.382	0.0	TGGAAACTGGACGGAACCA	.	1.382	1	1	1	SNP that moderately affects CTCF motif strength.	GM	chr1_196827861_196828319	3.087	0.082	CTCF_ENCSR000DKV	2.0	17.0	17	CTCF	2984.5	2820.055	2984.5	458	57	0	GM12878	bad	1	0
chr1	211649168	211649222	chr1	211649185	211649204	-motif369	211649200	G	C	0|1	REF	0.986	0.986	0.0	CCCTCCTCTCTACTGCCCT	.	0.986	0	2	2	SNP that strongly alters CTCF motif strength.	GM	chr1_211649168_211649222	-4.087	-4.882	CTCF_ENCSR000AKB	17.0	1.0	17	CTCF	206.466	6086.25	6086.25	54	29	1	GM12878	good	1	0
chr1	211649168	211649222	chr1	211649185	211649204	-motif369	211649200	G	C	0|1	REF	0.986	0.986	0.0	CCCTCCTCTCTACTGCCCT	.	0.986	0	2	2	SNP that strongly alters CTCF motif strength.	GM	chr1_211649168_211649222	-4.392	-4.882	CTCF_ENCSR000DKV	21.0	1.0	21	CTCF	206.466	6086.25	6086.25	54	69	1	GM12878	good	1	0
chr1	211649168	211649222	chr1	211649185	211649204	-motif369	211649200	G	C	0|1	REF	0.986	0.986	0.0	CCCTCCTCTCTACTGCCCT	.	0.986	0	2	2	SNP that strongly alters CTCF motif strength.	GM	chr1_211649168_211649222	-4.322	-4.882	CTCF_ENCSR000DRZ	20.0	1.0	20	CTCF	206.466	6086.25	6086.25	54	49	1	GM12878	good	1	0
chr1	211649168	211649222	chr1	211649195	211649214	-motif370	211649200	G	C	0|1	REF	7.195	13.247	6.052	TACTGCCCTCCACTGGGTC	TACTCCCCTCCACTGGGTC	7.195	2	2	2	SNP that strongly alters CTCF motif strength.	GM	chr1_211649168_211649222	-4.087	-4.882	CTCF_ENCSR000AKB	17.0	1.0	17	CTCF	206.466	6086.25	6086.25	54	29	1	GM12878	good	1	1
chr1	211649168	211649222	chr1	211649195	211649214	-motif370	211649200	G	C	0|1	REF	7.195	13.247	6.052	TACTGCCCTCCACTGGGTC	TACTCCCCTCCACTGGGTC	7.195	2	2	2	SNP that strongly alters CTCF motif strength.	GM	chr1_211649168_211649222	-4.392	-4.882	CTCF_ENCSR000DKV	21.0	1.0	21	CTCF	206.466	6086.25	6086.25	54	69	1	GM12878	good	1	1
chr1	211649168	211649222	chr1	211649195	211649214	-motif370	211649200	G	C	0|1	REF	7.195	13.247	6.052	TACTGCCCTCCACTGGGTC	TACTCCCCTCCACTGGGTC	7.195	2	2	2	SNP that strongly alters CTCF motif strength.	GM	chr1_211649168_211649222	-4.322	-4.882	CTCF_ENCSR000DRZ	20.0	1.0	20	CTCF	206.466	6086.25	6086.25	54	49	1	GM12878	good	1	1
chr1	30782988	30783126	chr1	30783051	30783070	-motif79	30783058	T	C	0|1	ALT	6.77	7.108	13.878	CTGCTCTCCCTGGAGCCAG	CTGCTCCCCCTGGAGCCAG	6.77	2	1	2	SNP that strongly alters CTCF motif strength.	GM	chr1_30782988_30783126	3.273	2.603	CTCF_ENCSR000DRZ	3.0	29.0	29	CTCF	11376.0	1872.837	11376.0	138	68	1	GM12878	good	0	1
chr1	89085945	89086065	chr1	89085976	89085995	+motif190	89085986	C	G	1|0	REF	1.678	0.0	1.678	.	CCACTAGAGGGAGGTGCTG	1.678	1	2	2	SNP that strongly alters CTCF motif strength.	GM	chr1_89085945_89086065	3.524	4.328	CTCF_ENCSR000DRZ	2.0	23.0	23	CTCF	9518.0	473.95	9518.0	120	82	1	GM12878	good	1	0
chr1	89085945	89086065	chr1	89085976	89085995	+motif190	89085986	C	G	1|0	REF	1.678	0.0	1.678	.	CCACTAGAGGGAGGTGCTG	1.678	1	2	2	SNP that strongly alters CTCF motif strength.	GM	chr1_89085945_89086065	3.755	4.328	CTCF_ENCSR000DKV	2.0	27.0	27	CTCF	9518.0	473.95	9518.0	120	117	1	GM12878	good	1	0
chr1	89085945	89086065	chr1	89085973	89085992	+motif189	89085986	C	G	1|0	REF	18.747	1.28	20.027	TCACCACTAGAGCGAGGTG	TCACCACTAGAGGGAGGTG	18.747	2	2	2	SNP that strongly alters CTCF motif strength.	GM	chr1_89085945_89086065	3.524	4.328	CTCF_ENCSR000DRZ	2.0	23.0	23	CTCF	9518.0	473.95	9518.0	120	82	1	GM12878	good	1	1
chr1	89085945	89086065	chr1	89085973	89085992	+motif189	89085986	C	G	1|0	REF	18.747	1.28	20.027	TCACCACTAGAGCGAGGTG	TCACCACTAGAGGGAGGTG	18.747	2	2	2	SNP that strongly alters CTCF motif strength.	GM	chr1_89085945_89086065	3.755	4.328	CTCF_ENCSR000DKV	2.0	27.0	27	CTCF	9518.0	473.95	9518.0	120	117	1	GM12878	good	1	1
chr2	113979627	113979899	chr2	113979836	113979855	+motif2839	113979838,113979840	T,C	C,A	1|0,1|0	ALT	4.203	7.549	3.346	CTGCCCCCTGGTGGCCGGA	CCGACCCCTGGTGGCCGGA	4.203	1	3	1	SNP that moderately affects CTCF motif strength.	GM	chr2_113979627_113979899	3.907	-0.057	CTCF_ENCSR000DKV	6.0	90.0	90	CTCF	5580.037	5803.0	5803.0	272	658	0	GM12878	bad	2	0
chr2	113979627	113979899	chr2	113979836	113979855	+motif2839	113979838,113979840	T,C	C,A	1|0,1|0	ALT	4.203	7.549	3.346	CTGCCCCCTGGTGGCCGGA	CCGACCCCTGGTGGCCGGA	4.203	1	3	1	SNP that moderately affects CTCF motif strength.	GM	chr2_113979627_113979899	4.485	-0.057	CTCF_ENCSR000DRZ	5.0	112.0	112	CTCF	5580.037	5803.0	5803.0	272	483	0	GM12878	bad	2	0
chr2	113979627	113979899	chr2	113979837	113979856	+motif2840	113979838,113979840	T,C	C,A	1|0,1|0	REF	1.793	0.0	1.793	.	CGACCCCTGGTGGCCGGAG	1.793	1	3	1	SNP that moderately affects CTCF motif strength.	GM	chr2_113979627_113979899	5.907	-0.057	CTCF_ENCSR000AKB	1.0	60.0	60	CTCF	5580.037	5803.0	5803.0	272	292	0	GM12878	bad	2	0
chr2	113979627	113979899	chr2	113979837	113979856	+motif2840	113979838,113979840	T,C	C,A	1|0,1|0	REF	1.793	0.0	1.793	.	CGACCCCTGGTGGCCGGAG	1.793	1	3	1	SNP that moderately affects CTCF motif strength.	GM	chr2_113979627_113979899	3.907	-0.057	CTCF_ENCSR000DKV	6.0	90.0	90	CTCF	5580.037	5803.0	5803.0	272	658	0	GM12878	bad	2	0
chr2	113979627	113979899	chr2	113979837	113979856	+motif2840	113979838,113979840	T,C	C,A	1|0,1|0	REF	1.793	0.0	1.793	.	CGACCCCTGGTGGCCGGAG	1.793	1	3	1	SNP that moderately affects CTCF motif strength.	GM	chr2_113979627_113979899	4.485	-0.057	CTCF_ENCSR000DRZ	5.0	112.0	112	CTCF	5580.037	5803.0	5803.0	272	483	0	GM12878	bad	2	0
chr2	113979627	113979899	chr2	113979834	113979853	-motif2838	113979838,113979840	T,C	C,A	1|0,1|0	ALT	3.002	27.047	24.045	GGCTGCCCCCTGGTGGCCG	GGCCGACCCCTGGTGGCCG	3.002	1	3	1	SNP that moderately affects CTCF motif strength.	GM	chr2_113979627_113979899	4.485	-0.057	CTCF_ENCSR000DRZ	5.0	112.0	112	CTCF	5580.037	5803.0	5803.0	272	483	0	GM12878	bad	2	1
chr2	113979627	113979899	chr2	113979834	113979853	-motif2838	113979838,113979840	T,C	C,A	1|0,1|0	ALT	3.002	27.047	24.045	GGCTGCCCCCTGGTGGCCG	GGCCGACCCCTGGTGGCCG	3.002	1	3	1	SNP that moderately affects CTCF motif strength.	GM	chr2_113979627_113979899	3.907	-0.057	CTCF_ENCSR000DKV	6.0	90.0	90	CTCF	5580.037	5803.0	5803.0	272	658	0	GM12878	bad	2	1
chr2	113979627	113979899	chr2	113979834	113979853	-motif2838	113979838,113979840	T,C	C,A	1|0,1|0	ALT	3.002	27.047	24.045	GGCTGCCCCCTGGTGGCCG	GGCCGACCCCTGGTGGCCG	3.002	1	3	1	SNP that moderately affects CTCF motif strength.	GM	chr2_113979627_113979899	5.907	-0.057	CTCF_ENCSR000AKB	1.0	60.0	60	CTCF	5580.037	5803.0	5803.0	272	292	0	GM12878	bad	2	1
chr2	113979627	113979899	chr2	113979836	113979855	+motif2839	113979838,113979840	T,C	C,A	1|0,1|0	ALT	4.203	7.549	3.346	CTGCCCCCTGGTGGCCGGA	CCGACCCCTGGTGGCCGGA	4.203	1	3	1	SNP that moderately affects CTCF motif strength.	GM	chr2_113979627_113979899	5.907	-0.057	CTCF_ENCSR000AKB	1.0	60.0	60	CTCF	5580.037	5803.0	5803.0	272	292	0	GM12878	bad	2	0
chr2	24083592	24084962	chr2	24083715	24083734	-motif2669	24083717	A	C	0|1	REF	0.334	0.334	0.0	GAGTACTGCCCGCTGTCAG	.	0.334	0	1	0	SNP with no meaningful effect on CTCF motif strength.	GM	chr2_24083592_24084962	-4.459	0.022	CTCF_ENCSR000DKV	22.0	1.0	22	CTCF	466.5	459.515	466.5	1370	717	0	GM12878	bad	1	0
chr4	156378259	156378319	chr4	156378288	156378307	-motif3974	156378298	G	C	1|0	REF	11.171	0.0	11.171	.	TTCTGCCCCCTTGAGAAGG	11.171	2	1	2	SNP that strongly alters CTCF motif strength.	GM	chr4_156378259_156378319	4.322	4.04	CTCF_ENCSR000DRZ	1.0	20.0	20	CTCF	4943.0	300.439	4943.0	60	669	1	GM12878	good	1	1
chr4	156378259	156378319	chr4	156378288	156378307	-motif3974	156378298	G	C	1|0	REF	11.171	0.0	11.171	.	TTCTGCCCCCTTGAGAAGG	11.171	2	1	2	SNP that strongly alters CTCF motif strength.	GM	chr4_156378259_156378319	4.0	4.04	CTCF_ENCSR000DKV	1.0	16.0	16	CTCF	4943.0	300.439	4943.0	60	951	1	GM12878	good	1	1
chr4	4335398	4335458	chr4	4335432	4335451	-motif3768	4335445	C	G	0|1	ALT	0.661	1.235	1.896	TAGTGGCCCTGTCTGGGCG	TAGTGGCCCTGTGTGGGCG	0.661	0	1	0	SNP with no meaningful effect on CTCF motif strength.	GM	chr4_4335398_4335458	-3.561	-0.016	CTCF_ENCSR000DRZ	59.0	5.0	59	CTCF	11808.012	11939.0	11939.0	60	684	0	GM12878	bad	1	0
chr5	120656016	120656046	chr5	120656015	120656034	+motif4179	120656024	T	A	1|0	REF	5.563	16.999	22.562	TTGCCACCTGGTGGTGCCA	TTGCCACCAGGTGGTGCCA	5.563	2	2	2	SNP that strongly alters CTCF motif strength.	GM	chr5_120656016_120656046	3.17	2.458	CTCF_ENCSR000DRZ	2.0	18.0	18	CTCF	6454.0	1174.818	6454.0	30	701	1	GM12878	good	1	1
chr5	120656016	120656046	chr5	120656018	120656037	+motif4180	120656024	T	A	1|0	REF	0.53	0.0	0.53	.	CCACCAGGTGGTGCCAAAT	0.53	0	2	2	SNP that strongly alters CTCF motif strength.	GM	chr5_120656016_120656046	3.17	2.458	CTCF_ENCSR000DRZ	2.0	18.0	18	CTCF	6454.0	1174.818	6454.0	30	701	1	GM12878	good	1	0
chr5	133287677	133287723	chr5	133287691	133287710	-motif4202	133287699	T	C	0|1	ALT	3.78	17.651	21.431	CACTGCCTCCTGCTGCCCG	CACTGCCCCCTGCTGCCCG	3.78	1	1	1	SNP that moderately affects CTCF motif strength.	GM	chr5_133287677_133287723	3.663	3.12	CTCF_ENCSR000DKV	3.0	38.0	38	CTCF	8191.25	942.386	8191.25	46	1011	1	GM12878	good	0	1
chr5	151239370	151239472	chr5	151239421	151239440	-motif4237	151239432	T	C	1|0	ALT	1.658	1.658	0.0	CGGCCGCCCCTTCTTGGCG	.	1.658	1	2	2	SNP that strongly alters CTCF motif strength.	GM	chr5_151239370_151239472	3.7	4.309	CTCF_ENCSR000DKV	3.0	39.0	39	CTCF	12133.0	612.2	12133.0	102	1020	1	GM12878	good	1	0
chr5	151239370	151239472	chr5	151239421	151239440	-motif4237	151239432	T	C	1|0	ALT	1.658	1.658	0.0	CGGCCGCCCCTTCTTGGCG	.	1.658	1	2	2	SNP that strongly alters CTCF motif strength.	GM	chr5_151239370_151239472	4.7	4.309	CTCF_ENCSR000DRZ	1.0	26.0	26	CTCF	12133.0	612.2	12133.0	102	710	1	GM12878	good	1	0
chr5	151239370	151239472	chr5	151239422	151239441	-motif4238	151239432,151239441	T,G	C,A	1|0,0|1	REF	8.153	11.031	19.184	GGCCGCCCCTTCTTGGCGG	GGCCGCCCCCTCTTGGCGA	8.153	2	2	2	SNP that strongly alters CTCF motif strength.	GM	chr5_151239370_151239472	3.7	4.309	CTCF_ENCSR000DKV	3.0	39.0	39	CTCF	12133.0	612.2	12133.0	102	1020	1	GM12878	good	2	1
chr5	151239370	151239472	chr5	151239422	151239441	-motif4238	151239432,151239441	T,G	C,A	1|0,0|1	REF	8.153	11.031	19.184	GGCCGCCCCTTCTTGGCGG	GGCCGCCCCCTCTTGGCGA	8.153	2	2	2	SNP that strongly alters CTCF motif strength.	GM	chr5_151239370_151239472	4.7	4.309	CTCF_ENCSR000DRZ	1.0	26.0	26	CTCF	12133.0	612.2	12133.0	102	710	1	GM12878	good	2	1
chr5	152462226	152462684	chr5	152462333	152462352	+motif4243	152462337	C	T	1|0	ALT	4.644	4.644	0.0	CTCCCTCTAGTGGGGGCAA	.	4.644	1	3	2	SNP that strongly alters CTCF motif strength.	GM	chr5_152462226_152462684	-4.087	-3.719	CTCF_ENCSR000AKB	17.0	1.0	17	CTCF	311.924	4108.5	4108.5	458	422	1	GM12878	good	0	0
chr5	152462226	152462684	chr5	152462660	152462679	+motif4244	152462676	C	T	0|1	REF	0.102	0.102	0.0	ACCCCACTCTGTGGCCCTG	.	0.102	0	3	2	SNP that strongly alters CTCF motif strength.	GM	chr5_152462226_152462684	-4.0	-3.719	CTCF_ENCSR000DRZ	16.0	1.0	16	CTCF	311.924	4108.5	4108.5	458	713	1	GM12878	good	1	0
chr5	152462226	152462684	chr5	152462660	152462679	+motif4244	152462676	C	T	0|1	REF	0.102	0.102	0.0	ACCCCACTCTGTGGCCCTG	.	0.102	0	3	2	SNP that strongly alters CTCF motif strength.	GM	chr5_152462226_152462684	-4.087	-3.719	CTCF_ENCSR000AKB	17.0	1.0	17	CTCF	311.924	4108.5	4108.5	458	422	1	GM12878	good	1	0
chr5	152462226	152462684	chr5	152462330	152462349	-motif4242	152462337	C	T	1|0	ALT	6.77	15.503	8.733	CATCTCCCTCTAGTGGGGG	CATCTCTCTCTAGTGGGGG	6.77	2	3	2	SNP that strongly alters CTCF motif strength.	GM	chr5_152462226_152462684	-4.087	-3.719	CTCF_ENCSR000AKB	17.0	1.0	17	CTCF	311.924	4108.5	4108.5	458	422	1	GM12878	good	0	1
chr5	152462226	152462684	chr5	152462330	152462349	-motif4242	152462337	C	T	1|0	ALT	6.77	15.503	8.733	CATCTCCCTCTAGTGGGGG	CATCTCTCTCTAGTGGGGG	6.77	2	3	2	SNP that strongly alters CTCF motif strength.	GM	chr5_152462226_152462684	-4.0	-3.719	CTCF_ENCSR000DRZ	16.0	1.0	16	CTCF	311.924	4108.5	4108.5	458	713	1	GM12878	good	0	1
chr5	152462226	152462684	chr5	152462333	152462352	+motif4243	152462337	C	T	1|0	ALT	4.644	4.644	0.0	CTCCCTCTAGTGGGGGCAA	.	4.644	1	3	2	SNP that strongly alters CTCF motif strength.	GM	chr5_152462226_152462684	-4.0	-3.719	CTCF_ENCSR000DRZ	16.0	1.0	16	CTCF	311.924	4108.5	4108.5	458	713	1	GM12878	good	0	0
chr5	33470723	33470777	chr5	33470738	33470757	+motif4075	33470746	G	C	1|0	REF	3.173	3.228	6.401	GAATCACGAGGAGATGGCG	GAATCACCAGGAGATGGCG	3.173	1	2	2	SNP that strongly alters CTCF motif strength.	GM	chr5_33470723_33470777	3.17	2.991	CTCF_ENCSR000DKV	2.0	18.0	18	CTCF	2496.0	313.874	2496.0	54	1043	1	GM12878	good	1	0
chr5	33470723	33470777	chr5	33470741	33470760	+motif4076	33470746	G	C	1|0	REF	15.851	0.0	15.851	.	TCACCAGGAGATGGCGTTA	15.851	2	2	2	SNP that strongly alters CTCF motif strength.	GM	chr5_33470723_33470777	3.17	2.991	CTCF_ENCSR000DKV	2.0	18.0	18	CTCF	2496.0	313.874	2496.0	54	1043	1	GM12878	good	1	1
chr7	23545053	23545173	chr7	23545073	23545092	-motif4744	23545083	C	T	0|1	REF	8.053	14.994	6.941	TACTGACATCTAGTGGGTA	TACTGACATTTAGTGGGTA	8.053	2	2	2	SNP that strongly alters CTCF motif strength.	GM	chr7_23545053_23545173	-4.087	-3.771	CTCF_ENCSR000DKV	17.0	1.0	17	CTCF	484.427	6613.0	6613.0	120	1208	1	GM12878	good	1	1
chr7	23545053	23545173	chr7	23545073	23545092	-motif4744	23545083	C	T	0|1	REF	8.053	14.994	6.941	TACTGACATCTAGTGGGTA	TACTGACATTTAGTGGGTA	8.053	2	2	2	SNP that strongly alters CTCF motif strength.	GM	chr7_23545053_23545173	-4.459	-3.771	CTCF_ENCSR000DRZ	22.0	1.0	22	CTCF	484.427	6613.0	6613.0	120	817	1	GM12878	good	1	1
chr7	23545053	23545173	chr7	23545076	23545095	+motif4745	23545083	C	T	0|1	REF	2.528	2.528	0.0	TGACATCTAGTGGGTAGAG	.	2.528	1	2	2	SNP that strongly alters CTCF motif strength.	GM	chr7_23545053_23545173	-4.087	-3.771	CTCF_ENCSR000DKV	17.0	1.0	17	CTCF	484.427	6613.0	6613.0	120	1208	1	GM12878	good	1	0
chr7	23545053	23545173	chr7	23545076	23545095	+motif4745	23545083	C	T	0|1	REF	2.528	2.528	0.0	TGACATCTAGTGGGTAGAG	.	2.528	1	2	2	SNP that strongly alters CTCF motif strength.	GM	chr7_23545053_23545173	-4.459	-3.771	CTCF_ENCSR000DRZ	22.0	1.0	22	CTCF	484.427	6613.0	6613.0	120	817	1	GM12878	good	1	0
chr9	92729406	92729618	chr9	92729599	92729618	+motif5369	92729617	A	G	1|0	ALT	0.123	11.101	10.978	CCCACTCCAGATGGCACAC	CCCACTCCAGATGGCACGC	0.123	0	3	1	SNP that moderately affects CTCF motif strength.	GM	chr9_92729406_92729618	3.807	3.264	CTCF_ENCSR000DRZ	2.0	28.0	28	CTCF	5387.0	560.896	5387.0	212	927	1	GM12878	good	1	1
chr9	92729406	92729618	chr9	92729549	92729568	+motif5367	92729568	G	A	1|0	REF	0.038	4.655	4.694	CAGCAGCTGGGGGCCGGCG	CAGCAGCTGGGGGCCGGCA	0.038	0	3	1	SNP that moderately affects CTCF motif strength.	GM	chr9_92729406_92729618	3.624	3.264	CTCF_ENCSR000DKV	3.0	37.0	37	CTCF	5387.0	560.896	5387.0	212	1361	1	GM12878	good	1	0
chr9	92729406	92729618	chr9	92729549	92729568	+motif5367	92729568	G	A	1|0	REF	0.038	4.655	4.694	CAGCAGCTGGGGGCCGGCG	CAGCAGCTGGGGGCCGGCA	0.038	0	3	1	SNP that moderately affects CTCF motif strength.	GM	chr9_92729406_92729618	3.807	3.264	CTCF_ENCSR000DRZ	2.0	28.0	28	CTCF	5387.0	560.896	5387.0	212	927	1	GM12878	good	1	0
chr9	92729406	92729618	chr9	92729559	92729578	+motif5368	92729568	G	A	1|0	REF	4.176	14.013	18.188	GGGCCGGCGGAGGGAGCTC	GGGCCGGCAGAGGGAGCTC	4.176	1	3	1	SNP that moderately affects CTCF motif strength.	GM	chr9_92729406_92729618	3.624	3.264	CTCF_ENCSR000DKV	3.0	37.0	37	CTCF	5387.0	560.896	5387.0	212	1361	1	GM12878	good	1	1
chr9	92729406	92729618	chr9	92729559	92729578	+motif5368	92729568	G	A	1|0	REF	4.176	14.013	18.188	GGGCCGGCGGAGGGAGCTC	GGGCCGGCAGAGGGAGCTC	4.176	1	3	1	SNP that moderately affects CTCF motif strength.	GM	chr9_92729406_92729618	3.807	3.264	CTCF_ENCSR000DRZ	2.0	28.0	28	CTCF	5387.0	560.896	5387.0	212	927	1	GM12878	good	1	1
chr9	92729406	92729618	chr9	92729599	92729618	+motif5369	92729617	A	G	1|0	ALT	0.123	11.101	10.978	CCCACTCCAGATGGCACAC	CCCACTCCAGATGGCACGC	0.123	0	3	1	SNP that moderately affects CTCF motif strength.	GM	chr9_92729406_92729618	3.624	3.264	CTCF_ENCSR000DKV	3.0	37.0	37	CTCF	5387.0	560.896	5387.0	212	1361	1	GM12878	good	1	1
chr10	102669851	102670060	chr10	102669987	102670006	-motif666	102669989	G	C	0|1	REF	0.064	0.064	0.0	TGGTGGCATCCAGAGCAGC	.	0.064	0	3	2	SNP that strongly alters CTCF motif strength.	GM	chr10_102669851_102670060	-3.087	-4.374	CTCF_ENCSR000DRZ	17.0	2.0	17	CTCF	315.952	6552.0	6552.0	209	89	1	GM12878	good	1	0
chr10	102669851	102670060	chr10	102669977	102669996	-motif665	102669989	G	C	0|1	REF	0.607	0.607	0.0	CCCCCTCTACTGGTGGCAT	.	0.607	0	3	2	SNP that strongly alters CTCF motif strength.	GM	chr10_102669851_102670060	-3.087	-4.374	CTCF_ENCSR000DRZ	17.0	2.0	17	CTCF	315.952	6552.0	6552.0	209	89	1	GM12878	good	1	0
chr10	102669851	102670060	chr10	102669974	102669993	-motif664	102669989	G	C	0|1	REF	14.338	14.338	0.0	CTGCCCCCTCTACTGGTGG	.	14.338	2	3	2	SNP that strongly alters CTCF motif strength.	GM	chr10_102669851_102670060	-3.087	-4.374	CTCF_ENCSR000DRZ	17.0	2.0	17	CTCF	315.952	6552.0	6552.0	209	89	1	GM12878	good	1	1
chr10	50660262	50660378	chr10	50660326	50660345	+motif563	50660329	G	A	1|0	ALT	1.234	19.871	18.638	CTGCCACTAGGTGGAAGCC	CTACCACTAGGTGGAAGCC	1.234	1	2	1	SNP that moderately affects CTCF motif strength.	GM	chr10_50660262_50660378	4.858	-0.01	CTCF_ENCSR000DRZ	1.0	29.0	29	CTCF	5635.001	5673.0	5673.0	116	124	0	GM12878	bad	1	1
chr10	50660262	50660378	chr10	50660326	50660345	+motif563	50660329	G	A	1|0	ALT	1.234	19.871	18.638	CTGCCACTAGGTGGAAGCC	CTACCACTAGGTGGAAGCC	1.234	1	2	1	SNP that moderately affects CTCF motif strength.	GM	chr10_50660262_50660378	5.17	-0.01	CTCF_ENCSR000DKV	1.0	36.0	36	CTCF	5635.001	5673.0	5673.0	116	169	0	GM12878	bad	1	1
chr10	50660262	50660378	chr10	50660324	50660343	-motif562	50660329	G	A	1|0	ALT	4.009	4.111	0.103	ATCTGCCACTAGGTGGAAG	ATCTACCACTAGGTGGAAG	4.009	1	2	1	SNP that moderately affects CTCF motif strength.	GM	chr10_50660262_50660378	4.858	-0.01	CTCF_ENCSR000DRZ	1.0	29.0	29	CTCF	5635.001	5673.0	5673.0	116	124	0	GM12878	bad	1	0
chr10	50660262	50660378	chr10	50660324	50660343	-motif562	50660329	G	A	1|0	ALT	4.009	4.111	0.103	ATCTGCCACTAGGTGGAAG	ATCTACCACTAGGTGGAAG	4.009	1	2	1	SNP that moderately affects CTCF motif strength.	GM	chr10_50660262_50660378	5.17	-0.01	CTCF_ENCSR000DKV	1.0	36.0	36	CTCF	5635.001	5673.0	5673.0	116	169	0	GM12878	bad	1	0
chr10	79779445	79779653	chr10	79779460	79779479	+motif619	79779468	C	G	0|1	REF	1.18	1.18	0.0	CCTTCTCCAAGCGGCGGGA	.	1.18	1	2	1	SNP that moderately affects CTCF motif strength.	GM	chr10_79779445_79779653	-4.087	-0.016	CTCF_ENCSR000DRZ	17.0	1.0	17	CTCF	6333.512	6403.25	6403.25	208	135	0	GM12878	bad	1	0
chr10	79779445	79779653	chr10	79779460	79779479	+motif619	79779468	C	G	0|1	REF	1.18	1.18	0.0	CCTTCTCCAAGCGGCGGGA	.	1.18	1	2	1	SNP that moderately affects CTCF motif strength.	GM	chr10_79779445_79779653	-4.954	-0.016	CTCF_ENCSR000DKV	31.0	1.0	31	CTCF	6333.512	6403.25	6403.25	208	186	0	GM12878	bad	1	0
chr10	79779445	79779653	chr10	79779458	79779477	-motif618	79779468	C	G	0|1	REF	3.362	3.362	0.0	AGCCTTCTCCAAGCGGCGG	.	3.362	1	2	1	SNP that moderately affects CTCF motif strength.	GM	chr10_79779445_79779653	-4.087	-0.016	CTCF_ENCSR000DRZ	17.0	1.0	17	CTCF	6333.512	6403.25	6403.25	208	135	0	GM12878	bad	1	0
chr10	79779445	79779653	chr10	79779458	79779477	-motif618	79779468	C	G	0|1	REF	3.362	3.362	0.0	AGCCTTCTCCAAGCGGCGG	.	3.362	1	2	1	SNP that moderately affects CTCF motif strength.	GM	chr10_79779445_79779653	-4.954	-0.016	CTCF_ENCSR000DKV	31.0	1.0	31	CTCF	6333.512	6403.25	6403.25	208	186	0	GM12878	bad	1	0
chr10	86139213	86139281	chr10	86139236	86139255	+motif631	86139241	C	T	1|0	ALT	0.109	0.109	0.0	CCCCCACAGGTTGGATGCC	.	0.109	0	2	1	SNP that moderately affects CTCF motif strength.	GM	chr10_86139213_86139281	3.17	3.074	CTCF_ENCSR000DKV	3.0	27.0	27	CTCF	6855.0	813.882	6855.0	68	189	1	GM12878	good	1	0
chr10	86139213	86139281	chr10	86139230	86139249	-motif630	86139241	C	T	1|0	REF	4.176	10.864	15.04	TGTCTCCCCCCACAGGTTG	TGTCTCCCCCTACAGGTTG	4.176	1	2	1	SNP that moderately affects CTCF motif strength.	GM	chr10_86139213_86139281	3.17	3.074	CTCF_ENCSR000DKV	3.0	27.0	27	CTCF	6855.0	813.882	6855.0	68	189	1	GM12878	good	1	1
chr11	116217183	116217247	chr11	116217194	116217213	+motif972	116217206,116217207	T,G	C,A	1|0,0|1	REF	11.041	18.327	7.287	CGCTCACCAGATGGCGCTG	CGCTCACCAGACAGCGCTG	11.041	2	1	2	SNP that strongly alters CTCF motif strength.	GM	chr11_116217183_116217247	-4.459	-4.854	CTCF_ENCSR000DKV	22.0	1.0	22	CTCF	351.466	10166.0	10166.0	64	207	1	GM12878	good	2	1
chr11	116217183	116217247	chr11	116217194	116217213	+motif972	116217206,116217207	T,G	C,A	1|0,0|1	REF	11.041	18.327	7.287	CGCTCACCAGATGGCGCTG	CGCTCACCAGACAGCGCTG	11.041	2	1	2	SNP that strongly alters CTCF motif strength.	GM	chr11_116217183_116217247	-4.459	-4.854	CTCF_ENCSR000DRZ	22.0	1.0	22	CTCF	351.466	10166.0	10166.0	64	148	1	GM12878	good	2	1
chr12	125533573	125533677	chr12	125533633	125533652	-motif1260	125533650	G	C	1|0	REF	0.636	0.0	0.636	.	TGGCGCCGCAGACCGGCTT	0.636	0	1	0	SNP with no meaningful effect on CTCF motif strength.	GM	chr12_125533573_125533677	4.755	0.035	CTCF_ENCSR000DKV	1.0	27.0	27	CTCF	9462.0	9234.029	9462.0	104	282	0	GM12878	bad	1	0
chr12	50132686	50132754	chr12	50132702	50132721	+motif1120	50132712	C	G	1|0	REF	18.768	0.612	19.38	TTTCCACTACAGGGCAGAG	TTTCCACTAGAGGGCAGAG	18.768	2	1	2	SNP that strongly alters CTCF motif strength.	GM	chr12_50132686_50132754	4.0	4.569	CTCF_ENCSR000DKV	1.0	16.0	16	CTCF	5701.5	240.208	5701.5	68	299	1	GM12878	good	1	1
chr13	20489336	20489406	chr13	20489380	20489399	-motif1282	20489385	G	A	1|0	ALT	4.009	16.047	12.038	TGGCGCCCTCTACTGCTTC	TGGCACCCTCTACTGCTTC	4.009	1	1	1	SNP that moderately affects CTCF motif strength.	GM	chr13_20489336_20489406	-4.17	-3.313	CTCF_ENCSR000DRZ	18.0	1.0	18	CTCF	1006.9	10008.0	10008.0	70	234	1	GM12878	good	0	1
chr13	20489336	20489406	chr13	20489380	20489399	-motif1282	20489385	G	A	1|0	ALT	4.009	16.047	12.038	TGGCGCCCTCTACTGCTTC	TGGCACCCTCTACTGCTTC	4.009	1	1	1	SNP that moderately affects CTCF motif strength.	GM	chr13_20489336_20489406	-4.087	-3.313	CTCF_ENCSR000AKB	17.0	1.0	17	CTCF	1006.9	10008.0	10008.0	70	135	1	GM12878	good	0	1
chr14	106694861	106695070	chr14	106694873	106694892	+motif1567	106694888	T	A	1|0	REF	0.634	4.023	4.658	GAGCCCCCTGGTGGTTCCG	GAGCCCCCTGGTGGATCCG	0.634	0	2	1	SNP that moderately affects CTCF motif strength.	GM	chr14_106694861_106695070	4.248	-0.016	CTCF_ENCSR000DRZ	2.0	38.0	38	CTCF	4948.013	5004.0	5004.0	209	255	0	GM12878	bad	1	0
chr14	106694861	106695070	chr14	106694871	106694890	-motif1566	106694888	T	A	1|0	ALT	1.068	15.775	14.707	AAGAGCCCCCTGGTGGTTC	AAGAGCCCCCTGGTGGATC	1.068	1	2	1	SNP that moderately affects CTCF motif strength.	GM	chr14_106694861_106695070	4.248	-0.016	CTCF_ENCSR000DRZ	2.0	38.0	38	CTCF	4948.013	5004.0	5004.0	209	255	0	GM12878	bad	1	1
chr14	71166623	71166723	chr14	71166652	71166671	+motif1468	71166664	A	G	1|0	REF	3.78	0.376	4.156	CTGCACATAGGAGGCATTA	CTGCACATAGGGGGCATTA	3.78	1	1	1	SNP that moderately affects CTCF motif strength.	GM	chr14_71166623_71166723	4.0	3.066	CTCF_ENCSR000DKV	1.0	16.0	16	CTCF	5951.0	710.381	5951.0	100	400	1	GM12878	good	1	0
chr16	31159818	31159896	chr16	31159845	31159864	-motif1848	31159853	C	T	0|1	REF	0.069	0.069	0.0	TGGTGCTCCCTCTCGTGGC	.	0.069	0	3	1	SNP that moderately affects CTCF motif strength.	GM	chr16_31159818_31159896	-3.322	-4.526	CTCF_ENCSR000DKV	30.0	3.0	30	CTCF	435.206	10029.0	10029.0	78	475	1	GM12878	good	1	0
chr16	31159818	31159896	chr16	31159845	31159864	-motif1848	31159853	C	T	0|1	REF	0.069	0.069	0.0	TGGTGCTCCCTCTCGTGGC	.	0.069	0	3	1	SNP that moderately affects CTCF motif strength.	GM	chr16_31159818_31159896	-3.459	-4.526	CTCF_ENCSR000DRZ	22.0	2.0	22	CTCF	435.206	10029.0	10029.0	78	338	1	GM12878	good	1	0
chr16	31159818	31159896	chr16	31159847	31159866	-motif1849	31159853	C	T	0|1	REF	4.348	17.209	12.861	GTGCTCCCTCTCGTGGCAA	GTGCTTCCTCTCGTGGCAA	4.348	1	3	1	SNP that moderately affects CTCF motif strength.	GM	chr16_31159818_31159896	-3.322	-4.526	CTCF_ENCSR000DKV	30.0	3.0	30	CTCF	435.206	10029.0	10029.0	78	475	1	GM12878	good	1	1
chr16	31159818	31159896	chr16	31159835	31159854	-motif1847	31159853	C	T	0|1	REF	1.867	2.487	0.62	GACATCCCCTTGGTGCTCC	GACATCCCCTTGGTGCTTC	1.867	1	3	1	SNP that moderately affects CTCF motif strength.	GM	chr16_31159818_31159896	-3.322	-4.526	CTCF_ENCSR000DKV	30.0	3.0	30	CTCF	435.206	10029.0	10029.0	78	475	1	GM12878	good	1	0
chr16	31159818	31159896	chr16	31159835	31159854	-motif1847	31159853	C	T	0|1	REF	1.867	2.487	0.62	GACATCCCCTTGGTGCTCC	GACATCCCCTTGGTGCTTC	1.867	1	3	1	SNP that moderately affects CTCF motif strength.	GM	chr16_31159818_31159896	-3.459	-4.526	CTCF_ENCSR000DRZ	22.0	2.0	22	CTCF	435.206	10029.0	10029.0	78	338	1	GM12878	good	1	0
chr16	31159818	31159896	chr16	31159847	31159866	-motif1849	31159853	C	T	0|1	REF	4.348	17.209	12.861	GTGCTCCCTCTCGTGGCAA	GTGCTTCCTCTCGTGGCAA	4.348	1	3	1	SNP that moderately affects CTCF motif strength.	GM	chr16_31159818_31159896	-3.459	-4.526	CTCF_ENCSR000DRZ	22.0	2.0	22	CTCF	435.206	10029.0	10029.0	78	338	1	GM12878	good	1	1
chr17	26603750	26604060	chr17	26603837	26603856	+motif2064	26603842	T	C	0|1	ALT	5.071	0.0	5.071	.	CATCCGCAAGGGGACATGT	5.071	2	1	2	SNP that strongly alters CTCF motif strength.	GM	chr17_26603750_26604060	4.585	-0.019	CTCF_ENCSR000AKB	1.0	24.0	24	CTCF	20.263	20.531	20.53125	310	217	0	GM12878	bad	0	0
chr17	26603750	26604060	chr17	26603837	26603856	+motif2064	26603842	T	C	0|1	ALT	5.071	0.0	5.071	.	CATCCGCAAGGGGACATGT	5.071	2	1	2	SNP that strongly alters CTCF motif strength.	GM	chr17_26603750_26604060	4.459	-0.019	CTCF_ENCSR000DRZ	1.0	22.0	22	CTCF	20.263	20.531	20.53125	310	368	0	GM12878	bad	0	0
chr17	46253969	46254065	chr17	46254012	46254031	+motif2113	46254031	T	C	1|0	REF	0.015	0.0	0.015	.	CTGCTCCAAGGTGAAGGTC	0.015	0	1	0	SNP with no meaningful effect on CTCF motif strength.	GM	chr17_46253969_46254065	4.907	0.018	CTCF_ENCSR000AKB	1.0	30.0	30	CTCF	8617.5	8513.01	8617.5	96	228	0	GM12878	bad	1	0
chr17	46253969	46254065	chr17	46254012	46254031	+motif2113	46254031	T	C	1|0	REF	0.015	0.0	0.015	.	CTGCTCCAAGGTGAAGGTC	0.015	0	1	0	SNP with no meaningful effect on CTCF motif strength.	GM	chr17_46253969_46254065	6.066	0.018	CTCF_ENCSR000DKV	1.0	67.0	67	CTCF	8617.5	8513.01	8617.5	96	530	0	GM12878	bad	1	0
chr17	46253969	46254065	chr17	46254012	46254031	+motif2113	46254031	T	C	1|0	REF	0.015	0.0	0.015	.	CTGCTCCAAGGTGAAGGTC	0.015	0	1	0	SNP with no meaningful effect on CTCF motif strength.	GM	chr17_46253969_46254065	5.358	0.018	CTCF_ENCSR000DRZ	1.0	41.0	41	CTCF	8617.5	8513.01	8617.5	96	385	0	GM12878	bad	1	0
chr18	10438003	10438087	chr18	10438020	10438039	-motif2233	10438027	G	C	0|1	ALT	3.976	0.0	3.976	.	GTAGTGCCTCTGGTGGCTG	3.976	1	1	1	SNP that moderately affects CTCF motif strength.	GM	chr18_10438003_10438087	4.17	3.771	CTCF_ENCSR000AKB	1.0	18.0	18	CTCF	6166.0	451.677	6166.0	84	242	1	GM12878	good	0	0
chr18	10438003	10438087	chr18	10438020	10438039	-motif2233	10438027	G	C	0|1	ALT	3.976	0.0	3.976	.	GTAGTGCCTCTGGTGGCTG	3.976	1	1	1	SNP that moderately affects CTCF motif strength.	GM	chr18_10438003_10438087	3.273	3.771	CTCF_ENCSR000DKV	3.0	29.0	29	CTCF	6166.0	451.677	6166.0	84	559	1	GM12878	good	0	0
chr18	10438003	10438087	chr18	10438020	10438039	-motif2233	10438027	G	C	0|1	ALT	3.976	0.0	3.976	.	GTAGTGCCTCTGGTGGCTG	3.976	1	1	1	SNP that moderately affects CTCF motif strength.	GM	chr18_10438003_10438087	3.248	3.771	CTCF_ENCSR000DRZ	2.0	19.0	19	CTCF	6166.0	451.677	6166.0	84	407	1	GM12878	good	0	0
chr19	14888818	14889068	chr19	14888843	14888862	+motif2433	14888861	C	T	0|1	REF	0.259	10.645	10.386	AGGCCTCCGGATGGCTGCC	AGGCCTCCGGATGGCTGTC	0.259	0	2	0	SNP with no meaningful effect on CTCF motif strength.	GM	chr19_14888818_14889068	-3.524	0.004	CTCF_ENCSR000DKV	23.0	2.0	23	CTCF	8957.0	8933.997	8957.0	250	593	0	GM12878	bad	1	1
chr19	14888818	14889068	chr19	14888843	14888862	+motif2433	14888861	C	T	0|1	REF	0.259	10.645	10.386	AGGCCTCCGGATGGCTGCC	AGGCCTCCGGATGGCTGTC	0.259	0	2	0	SNP with no meaningful effect on CTCF motif strength.	GM	chr19_14888818_14889068	-4.807	0.004	CTCF_ENCSR000DRZ	28.0	1.0	28	CTCF	8957.0	8933.997	8957.0	250	428	0	GM12878	bad	1	1
chr19	14888818	14889068	chr19	14889015	14889034	-motif2434	14889026	A	G	0|1	REF	0.153	1.388	1.235	TAGTGGCCCTATCTGGGCG	TAGTGGCCCTGTCTGGGCG	0.153	0	2	0	SNP with no meaningful effect on CTCF motif strength.	GM	chr19_14888818_14889068	-4.807	0.004	CTCF_ENCSR000DRZ	28.0	1.0	28	CTCF	8957.0	8933.997	8957.0	250	428	0	GM12878	bad	1	0
chr19	14888818	14889068	chr19	14889015	14889034	-motif2434	14889026	A	G	0|1	REF	0.153	1.388	1.235	TAGTGGCCCTATCTGGGCG	TAGTGGCCCTGTCTGGGCG	0.153	0	2	0	SNP with no meaningful effect on CTCF motif strength.	GM	chr19_14888818_14889068	-3.524	0.004	CTCF_ENCSR000DKV	23.0	2.0	23	CTCF	8957.0	8933.997	8957.0	250	593	0	GM12878	bad	1	0
chr19	42885020	42885140	chr19	42885048	42885067	+motif2507	42885051	C	T	1|0	REF	0.894	1.495	2.389	TTCCCAGATGCTGGCATTA	TTTCCAGATGCTGGCATTA	0.894	0	1	0	SNP with no meaningful effect on CTCF motif strength.	GM	chr19_42885020_42885140	4.248	0.032	CTCF_ENCSR000DRZ	1.0	19.0	19	CTCF	6735.0	6585.026	6735.0	120	454	0	GM12878	bad	1	0
chr19	42885020	42885140	chr19	42885048	42885067	+motif2507	42885051	C	T	1|0	REF	0.894	1.495	2.389	TTCCCAGATGCTGGCATTA	TTTCCAGATGCTGGCATTA	0.894	0	1	0	SNP with no meaningful effect on CTCF motif strength.	GM	chr19_42885020_42885140	4.7	0.032	CTCF_ENCSR000DKV	1.0	26.0	26	CTCF	6735.0	6585.026	6735.0	120	622	0	GM12878	bad	1	0
chr19	605143	605947	chr19	605153	605172	-motif2335	605171	C	C	1|1	ALT	0.0	0.932	0.932	CTGCAGTTCCTGGTGCCCA	CTGCAGTTCCTGGTGCCCA	0.0	0	2	1	SNP that moderately affects CTCF motif strength.	GM	chr19_605143_605947	3.222	-0.025	CTCF_ENCSR000DRZ	3.0	28.0	28	CTCF	617.455	628.438	628.4375	804	472	0	GM12878	bad	2	0
chr19	605143	605947	chr19	605887	605906	+motif2336	605899	A	G	1|0	REF	1.896	0.0	1.896	.	TTTACAGAGGGGGACCCAG	1.896	1	2	1	SNP that moderately affects CTCF motif strength.	GM	chr19_605143_605947	3.222	-0.025	CTCF_ENCSR000DRZ	3.0	28.0	28	CTCF	617.455	628.438	628.4375	804	472	0	GM12878	bad	1	0
chr20	25861636	25861758	chr20	25861683	25861702	-motif3124	25861690	G	A	0|1	ALT	3.943	0.0	3.943	.	TGGCCCACCCGACTGGCGC	3.943	1	1	1	SNP that moderately affects CTCF motif strength.	GM	chr20_25861636_25861758	-4.087	-0.032	CTCF_ENCSR000DKV	17.0	1.0	17	CTCF	1680.523	1718.5	1718.5	122	768	0	GM12878	bad	1	0
chr21	37220854	37221646	chr21	37221307	37221326	+motif3249	37221308	C	T	0|1	ALT	0.1	0.433	0.533	CGTCCTCCAGCGTATGCTA	TGTCCTCCAGCGTATGCTA	0.1	0	3	1	SNP that moderately affects CTCF motif strength.	GM	chr21_37220854_37221646	3.17	-0.003	CTCF_ENCSR000DRZ	2.0	18.0	18	CTCF	2092.002	2096.0	2096.0	792	581	0	GM12878	bad	0	0
chr21	37220854	37221646	chr21	37221304	37221323	-motif3248	37221308	C	T	0|1	REF	1.004	6.262	5.258	CGCCGTCCTCCAGCGTATG	CGCTGTCCTCCAGCGTATG	1.004	1	3	1	SNP that moderately affects CTCF motif strength.	GM	chr21_37220854_37221646	3.17	-0.003	CTCF_ENCSR000DRZ	2.0	18.0	18	CTCF	2092.002	2096.0	2096.0	792	581	0	GM12878	bad	0	0
chr21	37220854	37221646	chr21	37221290	37221309	+motif3247	37221308	C	T	0|1	REF	0.259	5.007	4.748	CGCCAGGGTGAGGGCGCCG	CGCCAGGGTGAGGGCGCTG	0.259	0	3	1	SNP that moderately affects CTCF motif strength.	GM	chr21_37220854_37221646	3.17	-0.003	CTCF_ENCSR000DRZ	2.0	18.0	18	CTCF	2092.002	2096.0	2096.0	792	581	0	GM12878	bad	0	0
chr21	42107947	42108109	chr21	42107957	42107976	-motif3259	42107962	A	G	1|0	REF	4.009	12.458	16.467	CTGCACCCTCGCCTGGCCA	CTGCGCCCTCGCCTGGCCA	4.009	1	1	1	SNP that moderately affects CTCF motif strength.	GM	chr21_42107947_42108109	3.115	2.947	CTCF_ENCSR000AKB	3.0	26.0	26	CTCF	10600.0	1374.871	10600.0	162	347	1	GM12878	good	1	1
chr21	46228859	46229137	chr21	46228939	46228958	+motif3308	46228958	A	G	0|1	REF	0.038	0.441	0.402	GTGACCCCGGGGTGTGCCA	GTGACCCCGGGGTGTGCCG	0.038	0	1	0	SNP with no meaningful effect on CTCF motif strength.	GM	chr21_46228859_46229137	4.087	-0.013	CTCF_ENCSR000DRZ	1.0	17.0	17	CTCF	647.009	653.0	653.0	278	592	0	GM12878	bad	0	0
chr22	24259587	24259725	chr22	24259682	24259701	-motif3352	24259701	G	A	0|1	ALT	0.1	21.663	21.763	GGGCGCCCTCGGGTGGCCG	GGGCGCCCTCGGGTGGCCA	0.1	0	2	1	SNP that moderately affects CTCF motif strength.	GM	chr22_24259587_24259725	-4.248	-0.015	CTCF_ENCSR000DKV	19.0	1.0	19	CTCF	5162.512	5216.5	5216.5	138	830	0	GM12878	bad	1	1
chr22	24259587	24259725	chr22	24259684	24259703	+motif3353	24259701	G	A	0|1	REF	2.462	3.189	0.727	GCGCCCTCGGGTGGCCGCA	GCGCCCTCGGGTGGCCACA	2.462	1	2	1	SNP that moderately affects CTCF motif strength.	GM	chr22_24259587_24259725	-4.248	-0.015	CTCF_ENCSR000DKV	19.0	1.0	19	CTCF	5162.512	5216.5	5216.5	138	830	0	GM12878	bad	1	0
chrX	12771562	12771702	chrX	12771640	12771659	-motif5516	12771658	A	G	1|0	REF	0.19	21.25	21.44	CTGCGCCCTCTGCTGGAAG	CTGCGCCCTCTGCTGGAGG	0.19	0	1	0	SNP with no meaningful effect on CTCF motif strength.	GM	chrX_12771562_12771702	3.222	-0.016	CTCF_ENCSR000AKB	6.0	56.0	56	CTCF	14178.002	14338.0	14338.0	140	549	0	GM12878	bad	1	1
