CHR	POS1	POS2	motif_chr	motif_start	motif_end	motif_id	snp_pos	ref	alt	phase	better_strand	delta_score	h1_score	h2_score	ref_seq	alt_seq	abs_delta	motif_effect	n_motif_snps	strongest_effect	anchor_summary	GENOME
chr1	30719326	30719506	chr1	30719482	30719501	+motif78	30719483	G	T	0|1	ALT	2.037	0.354	2.391	GAACCGACGGAGGGCCACT	TAACCGACGGAGGGCCACT	2.037	1	1	1	SNP that moderately affects CTCF motif strength.	GM
chr1	30782988	30783126	chr1	30783051	30783070	-motif79	30783058	T	C	0|1	ALT	6.77	7.108	13.878	CTGCTCTCCCTGGAGCCAG	CTGCTCCCCCTGGAGCCAG	6.77	2	1	2	SNP that strongly alters CTCF motif strength.	GM
chr1	32892813	32893513	chr1	32892985	32893004	-motif84	32893000	C	G	1|0	REF	1.23	0.0	1.23	.	CCCCGCCCCTCTGGGCCCA	1.23	1	4	1	SNP that moderately affects CTCF motif strength.	GM
chr1	32892813	32893513	chr1	32892993	32893012	-motif85	32893000	C	G	1|0	ALT	3.708	3.708	0.0	CTCTGGCCCCAGCTGCCTC	.	3.708	1	4	1	SNP that moderately affects CTCF motif strength.	GM
chr1	32892813	32893513	chr1	32893029	32893048	-motif86	32893034	G	A	0|1	REF	4.009	21.792	17.783	CCGCGCCCCCTGCCGGCAG	CCGCACCCCCTGCCGGCAG	4.009	1	4	1	SNP that moderately affects CTCF motif strength.	GM
chr1	32892813	32893513	chr1	32893031	32893050	+motif87	32893034	G	A	0|1	REF	0.395	0.395	0.0	GCGCCCCCTGCCGGCAGCA	.	0.395	0	4	1	SNP that moderately affects CTCF motif strength.	GM
chr1	37990013	37990235	chr1	37990205	37990224	-motif92	37990219	C	G	1|0	ALT	1.041	1.041	0.0	CAGATGCCTCCAGCGGGCA	.	1.041	1	3	2	SNP that strongly alters CTCF motif strength.	GM
chr1	37990013	37990235	chr1	37990206	37990225	-motif93	37990219	C	G	1|0	REF	0.661	1.975	2.635	AGATGCCTCCAGCGGGCAT	AGATGCCTCCAGGGGGCAT	0.661	0	3	2	SNP that strongly alters CTCF motif strength.	GM
chr1	37990013	37990235	chr1	37990208	37990227	+motif94	37990219	C	G	1|0	REF	7.559	7.381	14.94	ATGCCTCCAGCGGGCATAG	ATGCCTCCAGGGGGCATAG	7.559	2	3	2	SNP that strongly alters CTCF motif strength.	GM
chr1	39799070	39799850	chr1	39799090	39799109	+motif98	39799095	G	C	0|1	ALT	6.47	0.0	6.47	.	TAGACAGCTGGGGTAACAG	6.47	2	3	2	SNP that strongly alters CTCF motif strength.	GM
chr1	39799070	39799850	chr1	39799529	39799548	+motif99	39799531	C	A	0|1	REF	0.354	0.824	0.47	TCACAGGCTGGGGCCGGAA	TAACAGGCTGGGGCCGGAA	0.354	0	3	2	SNP that strongly alters CTCF motif strength.	GM
chr1	39799070	39799850	chr1	39799831	39799850	-motif100	39799850	G	A	0|1	ALT	0.1	23.282	23.382	CTCTGCCCCCTGGTGGACG	CTCTGCCCCCTGGTGGACA	0.1	0	3	2	SNP that strongly alters CTCF motif strength.	GM
chr1	70528863	70528993	chr1	70528897	70528916	+motif158	70528907,70528912	G,A	A,G	1|0,1|0	ALT	1.401	1.401	0.0	TGAGCACTGGGTGCAATCA	.	1.401	1	1	1	SNP that moderately affects CTCF motif strength.	GM
chr1	75842491	75842881	chr1	75842709	75842728	-motif160	75842728	G	A	0|1	ALT	0.1	1.241	1.342	TAATGCCAGCGTCTGGGAG	TAATGCCAGCGTCTGGGAA	0.1	0	1	0	SNP with no meaningful effect on CTCF motif strength.	GM
chr1	89085945	89086065	chr1	89085973	89085992	+motif189	89085986	C	G	1|0	REF	18.747	1.28	20.027	TCACCACTAGAGCGAGGTG	TCACCACTAGAGGGAGGTG	18.747	2	2	2	SNP that strongly alters CTCF motif strength.	GM
chr1	89085945	89086065	chr1	89085976	89085995	+motif190	89085986	C	G	1|0	REF	1.678	0.0	1.678	.	CCACTAGAGGGAGGTGCTG	1.678	1	2	2	SNP that strongly alters CTCF motif strength.	GM
chr1	111747402	111747448	chr1	111747415	111747434	-motif224	111747417	C	T	0|1	ALT	0.123	14.889	15.012	ACACGCCCCCTGGTGGTAT	ATACGCCCCCTGGTGGTAT	0.123	0	1	0	SNP with no meaningful effect on CTCF motif strength.	GM
chr1	153617749	153617807	chr1	153617768	153617787	-motif252	153617778	C	A	0|1	REF	2.556	2.556	0.0	CCCCTGCTCCCTCTGGTGG	.	2.556	1	3	2	SNP that strongly alters CTCF motif strength.	GM
chr1	153617749	153617807	chr1	153617771	153617790	-motif253	153617778	C	A	0|1	REF	7.354	19.795	12.44	CTGCTCCCTCTGGTGGTGG	CTGCTCACTCTGGTGGTGG	7.354	2	3	2	SNP that strongly alters CTCF motif strength.	GM
chr1	153617749	153617807	chr1	153617773	153617792	+motif254	153617778	C	A	0|1	REF	0.183	0.183	0.0	GCTCCCTCTGGTGGTGGCC	.	0.183	0	3	2	SNP that strongly alters CTCF motif strength.	GM
chr1	182069091	182069300	chr1	182069127	182069146	-motif317	182069133	C	T	0|1	REF	4.348	5.364	1.016	TGGCTCCCCCTTTGGCTCC	TGGCTTCCCCTTTGGCTCC	4.348	1	1	1	SNP that moderately affects CTCF motif strength.	GM
chr1	196723490	196723580	chr1	196723526	196723545	+motif330	196723542	G	A	1|0	ALT	1.004	17.665	16.661	AGGACAGTAGGTGGCGCGG	AGGACAGTAGGTGGCACGG	1.004	1	1	1	SNP that moderately affects CTCF motif strength.	GM
chr1	196827861	196828319	chr1	196828214	196828233	+motif332	196828227	G	A	1|0	ALT	1.382	1.382	0.0	TGGAAACTGGACGGAACCA	.	1.382	1	1	1	SNP that moderately affects CTCF motif strength.	GM
chr1	199954861	199954909	chr1	199954885	199954904	+motif334	199954892	G	T	0|1	REF	5.481	17.728	12.247	TCTCCAGCAGGGGCCGCCC	TCTCCATCAGGGGCCGCCC	5.481	2	1	2	SNP that strongly alters CTCF motif strength.	GM
chr1	202160578	202160816	chr1	202160686	202160705	-motif343	202160698	T	C	0|1	REF	0.599	10.432	9.833	TTCTGCCCTCCTGTGCCTG	TTCTGCCCTCCCGTGCCTG	0.599	0	2	0	SNP with no meaningful effect on CTCF motif strength.	GM
chr1	202160578	202160816	chr1	202160696	202160715	-motif344	202160698	T	C	0|1	REF	0.123	1.341	1.218	CTGTGCCTGCTGCCGCTGC	CCGTGCCTGCTGCCGCTGC	0.123	0	2	0	SNP with no meaningful effect on CTCF motif strength.	GM
chr1	202184797	202184897	chr1	202184866	202184885	-motif345	202184870	G	A	0|1	REF	0.17	4.186	4.016	CACGTTCTCCTTGTGGGAA	CACATTCTCCTTGTGGGAA	0.17	0	1	0	SNP with no meaningful effect on CTCF motif strength.	GM
chr1	204989386	204989560	chr1	204989540	204989559	-motif351	204989552	C	T	0|1	ALT	0.599	6.606	7.205	CTGGGACCTCTCGAGGAGG	CTGGGACCTCTTGAGGAGG	0.599	0	1	0	SNP with no meaningful effect on CTCF motif strength.	GM
chr1	205588761	205588970	chr1	205588861	205588880	+motif352	205588862	T	C	1|0	ALT	0.1	1.466	1.366	TGGCCGGCCAGAGGAGGGC	CGGCCGGCCAGAGGAGGGC	0.1	0	1	0	SNP with no meaningful effect on CTCF motif strength.	GM
chr1	211649168	211649222	chr1	211649185	211649204	-motif369	211649200	G	C	0|1	REF	0.986	0.986	0.0	CCCTCCTCTCTACTGCCCT	.	0.986	0	2	2	SNP that strongly alters CTCF motif strength.	GM
chr1	211649168	211649222	chr1	211649195	211649214	-motif370	211649200	G	C	0|1	REF	7.195	13.247	6.052	TACTGCCCTCCACTGGGTC	TACTCCCCTCCACTGGGTC	7.195	2	2	2	SNP that strongly alters CTCF motif strength.	GM
chr1	222465457	222465619	chr1	222465532	222465551	+motif387	222465547	C	C	1|1	ALT	0.0	3.829	3.829	GCCTCACCGGAGGCCAGCG	GCCTCACCGGAGGCCAGCG	0.0	0	1	0	SNP with no meaningful effect on CTCF motif strength.	GM
chr1	242936905	242936961	chr1	242936926	242936945	-motif425	242936933	T	C	1|0	REF	1.841	0.0	1.841	.	GCCCGGCGTCCCCTGGTGG	1.841	1	3	1	SNP that moderately affects CTCF motif strength.	GM
chr1	242936905	242936961	chr1	242936929	242936948	-motif426	242936933	T	C	1|0	REF	1.004	21.258	22.262	CGGTGTCCCCTGGTGGTGA	CGGCGTCCCCTGGTGGTGA	1.004	1	3	1	SNP that moderately affects CTCF motif strength.	GM
chr1	242936905	242936961	chr1	242936931	242936950	+motif427	242936933	T	C	1|0	REF	0.19	1.537	1.727	GTGTCCCCTGGTGGTGACA	GCGTCCCCTGGTGGTGACA	0.19	0	3	1	SNP that moderately affects CTCF motif strength.	GM
chr2	18117782	18117896	chr2	18117855	18117874	-motif2651	18117868	A	G	0|1	ALT	6.142	8.644	14.786	CACTGCCACATGATGGTGA	CACTGCCACATGGTGGTGA	6.142	2	2	2	SNP that strongly alters CTCF motif strength.	GM
chr2	18117782	18117896	chr2	18117857	18117876	+motif2652	18117868	A	G	0|1	ALT	1.323	7.278	8.6	CTGCCACATGATGGTGAAC	CTGCCACATGGTGGTGAAC	1.323	1	2	2	SNP that strongly alters CTCF motif strength.	GM
chr2	24083592	24084962	chr2	24083715	24083734	-motif2669	24083717	A	C	0|1	REF	0.334	0.334	0.0	GAGTACTGCCCGCTGTCAG	.	0.334	0	1	0	SNP with no meaningful effect on CTCF motif strength.	GM
chr2	55620221	55620430	chr2	55620383	55620402	-motif2750	55620398	A	G	0|1	ALT	3.516	0.0	3.516	.	CATTACATTCTGGTGGGAG	3.516	1	1	1	SNP that moderately affects CTCF motif strength.	GM
chr2	71157622	71157716	chr2	71157683	71157702	-motif2777	71157698	G	A	1|0	ALT	3.993	3.993	0.0	TACCACCAGCCTCTGTCCA	.	3.993	1	1	1	SNP that moderately affects CTCF motif strength.	GM
chr2	106098238	106098328	chr2	106098251	106098270	+motif2819	106098259	C	G	1|0	ALT	3.173	3.724	0.551	CCACCTTCATGGGGTGCTC	CCACCTTGATGGGGTGCTC	3.173	1	3	1	SNP that moderately affects CTCF motif strength.	GM
chr2	106098238	106098328	chr2	106098281	106098300	+motif2820	106098300	A	G	0|1	REF	0.038	11.119	11.081	CTGCCCCCAGTGGGTGGCA	CTGCCCCCAGTGGGTGGCG	0.038	0	3	1	SNP that moderately affects CTCF motif strength.	GM
chr2	106098238	106098328	chr2	106098284	106098303	+motif2821	106098300	A	G	0|1	ALT	1.004	15.404	16.408	CCCCCAGTGGGTGGCAGCC	CCCCCAGTGGGTGGCGGCC	1.004	1	3	1	SNP that moderately affects CTCF motif strength.	GM
chr2	113979627	113979899	chr2	113979834	113979853	-motif2838	113979838,113979840	T,C	C,A	1|0,1|0	ALT	3.002	27.047	24.045	GGCTGCCCCCTGGTGGCCG	GGCCGACCCCTGGTGGCCG	3.002	1	3	1	SNP that moderately affects CTCF motif strength.	GM
chr2	113979627	113979899	chr2	113979836	113979855	+motif2839	113979838,113979840	T,C	C,A	1|0,1|0	ALT	4.203	7.549	3.346	CTGCCCCCTGGTGGCCGGA	CCGACCCCTGGTGGCCGGA	4.203	1	3	1	SNP that moderately affects CTCF motif strength.	GM
chr2	113979627	113979899	chr2	113979837	113979856	+motif2840	113979838,113979840	T,C	C,A	1|0,1|0	REF	1.793	0.0	1.793	.	CGACCCCTGGTGGCCGGAG	1.793	1	3	1	SNP that moderately affects CTCF motif strength.	GM
chr2	153287290	153287404	chr2	153287337	153287356	-motif2881	153287339	T	G	1|0	REF	2.018	18.146	20.164	TTTTGCCCTCTGCAGGCCG	TGTTGCCCTCTGCAGGCCG	2.018	1	1	1	SNP that moderately affects CTCF motif strength.	GM
chr2	177029631	177029840	chr2	177029705	177029724	+motif2921	177029720	C	T	1|0	ALT	4.009	21.375	17.366	TCACCTGCAGAGGGCGCTA	TCACCTGCAGAGGGTGCTA	4.009	1	2	1	SNP that moderately affects CTCF motif strength.	GM
chr2	177029631	177029840	chr2	177029718	177029737	-motif2922	177029720	C	T	1|0	REF	0.123	5.287	5.411	GCGCTACACCTGGAGAGGG	GTGCTACACCTGGAGAGGG	0.123	0	2	1	SNP that moderately affects CTCF motif strength.	GM
chr2	232439601	232439810	chr2	232439650	232439669	-motif3012	232439664	C	T	1|0	REF	2.959	22.023	24.983	GGGCGCCACCTGCCGGCCC	GGGCGCCACCTGCTGGCCC	2.959	1	2	1	SNP that moderately affects CTCF motif strength.	GM
chr2	232439601	232439810	chr2	232439652	232439671	+motif3013	232439664	C	T	1|0	REF	3.705	0.0	3.705	.	GCGCCACCTGCTGGCCCAC	3.705	1	2	1	SNP that moderately affects CTCF motif strength.	GM
chr2	233711567	233711665	chr2	233711614	233711633	-motif3018	233711626	G	A	0|1	REF	0.976	3.172	2.196	CAGCTCCATTCGCTGCCTG	CAGCTCCATTCACTGCCTG	0.976	0	1	0	SNP with no meaningful effect on CTCF motif strength.	GM
chr2	241732549	241732903	chr2	241732706	241732725	+motif3055	241732715,241732718	A,T	T,C	0|1,0|1	REF	3.323	3.323	0.0	GGTCCGCTAGGTAACGGGT	.	3.323	1	3	1	SNP that moderately affects CTCF motif strength.	GM
chr2	241732549	241732903	chr2	241732728	241732747	+motif3056	241732738,241732746	G,C	A,T	0|1,0|1	REF	2.605	2.605	0.0	TTCCCAGACGCTGGCGTCA	.	2.605	1	3	1	SNP that moderately affects CTCF motif strength.	GM
chr2	241732549	241732903	chr2	241732739	241732758	-motif3057	241732746	C	T	0|1	REF	2.695	2.695	0.0	TGGCGTCACCGCTAGACCA	.	2.695	1	3	1	SNP that moderately affects CTCF motif strength.	GM
chr2	241875936	241875974	chr2	241875952	241875971	+motif3058	241875962	G	A	0|1	REF	2.346	2.346	0.0	TTCCCAGACGCTGGCGTTA	.	2.346	1	1	1	SNP that moderately affects CTCF motif strength.	GM
chr3	8623008	8623142	chr3	8623033	8623052	+motif3476	8623049,8623052	C,G	G,A	1|0,1|0	REF	5.324	0.819	6.143	GCAGCAGCAGAAGGGCCTG	GCAGCAGCAGAAGGGGCTA	5.324	2	2	2	SNP that strongly alters CTCF motif strength.	GM
chr3	8623008	8623142	chr3	8623036	8623055	+motif3477	8623049,8623052	C,G	G,A	1|0,1|0	REF	3.662	0.0	3.662	.	GCAGCAGAAGGGGCTACTC	3.662	1	2	2	SNP that strongly alters CTCF motif strength.	GM
chr3	12787513	12787573	chr3	12787522	12787541	+motif3486	12787537	T	C	1|0	REF	0.694	0.0	0.694	.	CATCTTCCAGCAGGCGGCG	0.694	0	4	1	SNP that moderately affects CTCF motif strength.	GM
chr3	12787513	12787573	chr3	12787523	12787542	-motif3487	12787537	T	C	1|0	ALT	2.959	3.724	0.764	ATCTTCCAGCAGGTGGCGG	ATCTTCCAGCAGGCGGCGG	2.959	1	4	1	SNP that moderately affects CTCF motif strength.	GM
chr3	12787513	12787573	chr3	12787525	12787544	+motif3488	12787537	T	C	1|0	ALT	4.271	22.598	18.327	CTTCCAGCAGGTGGCGGTA	CTTCCAGCAGGCGGCGGTA	4.271	1	4	1	SNP that moderately affects CTCF motif strength.	GM
chr3	12787513	12787573	chr3	12787535	12787554	+motif3489	12787537	T	C	1|0	REF	0.19	9.717	9.907	GTGGCGGTAGGTGGCAATC	GCGGCGGTAGGTGGCAATC	0.19	0	4	1	SNP that moderately affects CTCF motif strength.	GM
chr3	62665972	62666094	chr3	62666045	62666064	-motif3545	62666049	T	G	0|1	REF	4.281	5.968	1.687	CAGTGTCCCTCACTGGCGT	CAGGGTCCCTCACTGGCGT	4.281	1	1	1	SNP that moderately affects CTCF motif strength.	GM
chr3	75552247	75552329	chr3	75552303	75552322	-motif3563	75552321	C	A	0|1	REF	1.704	20.691	18.987	CAGCACCACCTAGTGGACA	CAGCACCACCTAGTGGAAA	1.704	1	2	1	SNP that moderately affects CTCF motif strength.	GM
chr3	75552247	75552329	chr3	75552305	75552324	+motif3564	75552321	C	A	0|1	ALT	0.327	0.0	0.327	.	GCACCACCTAGTGGAAAAG	0.327	0	2	1	SNP that moderately affects CTCF motif strength.	GM
chr3	103991560	103991716	chr3	103991675	103991694	+motif3580	103991681	T	C	0|1	REF	2.25	3.99	1.74	CAGCATGTAGGGGAAAGAA	CAGCACGTAGGGGAAAGAA	2.25	1	1	1	SNP that moderately affects CTCF motif strength.	GM
chr3	107752772	107752869	chr3	107752848	107752867	-motif3583	107752852	T	G	0|1	REF	2.285	2.285	0.0	CACTTCCCTCCATAGCTGA	.	2.285	1	1	1	SNP that moderately affects CTCF motif strength.	GM
chr3	115819866	115820018	chr3	115819996	115820015	+motif3593	115820009	A	G	1|0	REF	0.111	0.0	0.111	.	GTGGCAATAGTGGGAGAAA	0.111	0	1	0	SNP with no meaningful effect on CTCF motif strength.	GM
chr3	179069297	179069367	chr3	179069332	179069351	-motif3681	179069343	C	T	0|1	ALT	1.052	0.0	1.052	.	CTGCCTCCCCTCCAGATGG	1.052	1	3	1	SNP that moderately affects CTCF motif strength.	GM
chr3	179069297	179069367	chr3	179069335	179069354	-motif3682	179069343	C	T	0|1	REF	1.653	1.653	0.0	CCTCCCCCCCAGATGGCGC	.	1.653	1	3	1	SNP that moderately affects CTCF motif strength.	GM
chr3	179069297	179069367	chr3	179069337	179069356	+motif3683	179069343	C	T	0|1	ALT	2.25	16.923	19.173	TCCCCCCCAGATGGCGCCG	TCCCCTCCAGATGGCGCCG	2.25	1	3	1	SNP that moderately affects CTCF motif strength.	GM
chr3	186931198	186931498	chr3	186931295	186931314	+motif3697	186931314	A	G	1|0	ALT	0.038	0.493	0.454	GGGCCGCCCTGCGGTGCCA	GGGCCGCCCTGCGGTGCCG	0.038	0	1	0	SNP with no meaningful effect on CTCF motif strength.	GM
chr3	194687902	194688008	chr3	194687960	194687979	-motif3715	194687975	G	A	1|0	ALT	2.613	2.613	0.0	ACGCGCCTGCTGTCGGGCG	.	2.613	1	1	1	SNP that moderately affects CTCF motif strength.	GM
chr4	4335398	4335458	chr4	4335432	4335451	-motif3768	4335445	C	G	0|1	ALT	0.661	1.235	1.896	TAGTGGCCCTGTCTGGGCG	TAGTGGCCCTGTGTGGGCG	0.661	0	1	0	SNP with no meaningful effect on CTCF motif strength.	GM
chr4	8547172	8547290	chr4	8547238	8547257	-motif3787	8547243	G	A	0|1	REF	4.009	6.583	2.574	TGGCGCCCTCTTTGGCCAT	TGGCACCCTCTTTGGCCAT	4.009	1	1	1	SNP that moderately affects CTCF motif strength.	GM
chr4	41661590	41661696	chr4	41661594	41661613	+motif3830	41661604	G	A	0|1	REF	0.947	0.947	0.0	GAGCCACAGGAAAGTAGTA	.	0.947	0	1	0	SNP with no meaningful effect on CTCF motif strength.	GM
chr4	60464263	60464347	chr4	60464291	60464310	-motif3857	60464294	G	T	1|0	ALT	0.543	0.543	0.0	CAGTGCCCTCAAGCTCCAT	.	0.543	0	1	0	SNP with no meaningful effect on CTCF motif strength.	GM
chr4	76733640	76733678	chr4	76733657	76733676	-motif3878	76733659	G	A	1|0	ALT	0.259	15.065	14.806	CGGTGGCATCTAGTGGTCC	CAGTGGCATCTAGTGGTCC	0.259	0	1	0	SNP with no meaningful effect on CTCF motif strength.	GM
chr4	78059695	78059799	chr4	78059762	78059781	+motif3880	78059769	A	G	1|0	REF	3.619	9.973	13.592	GAGCCTACAGGGTGCGCTC	GAGCCTGCAGGGTGCGCTC	3.619	1	1	1	SNP that moderately affects CTCF motif strength.	GM
chr4	88219189	88219313	chr4	88219200	88219219	-motif3894	88219204	T	C	1|0	REF	1.004	1.675	2.679	TAATACAACCTCCAGGTGG	TAACACAACCTCCAGGTGG	1.004	1	2	1	SNP that moderately affects CTCF motif strength.	GM
chr4	88219189	88219313	chr4	88219203	88219222	-motif3895	88219204	T	C	1|0	ALT	0.038	3.826	3.788	TACAACCTCCAGGTGGAGC	CACAACCTCCAGGTGGAGC	0.038	0	2	1	SNP that moderately affects CTCF motif strength.	GM
chr4	121950334	121950464	chr4	121950335	121950354	+motif3934	121950353	C	G	0|1	REF	2.141	3.03	0.889	GGGCCTCTCGCCGGCAGCA	GGGCCTCTCGCCGGCAGGA	2.141	1	3	2	SNP that strongly alters CTCF motif strength.	GM
chr4	121950334	121950464	chr4	121950342	121950361	+motif3935	121950353	C	G	0|1	ALT	7.559	5.039	12.598	TCGCCGGCAGCAGGGGGCG	TCGCCGGCAGGAGGGGGCG	7.559	2	3	2	SNP that strongly alters CTCF motif strength.	GM
chr4	121950334	121950464	chr4	121950345	121950364	+motif3936	121950353	C	G	0|1	REF	3.173	21.572	18.399	CCGGCAGCAGGGGGCGCTG	CCGGCAGGAGGGGGCGCTG	3.173	1	3	2	SNP that strongly alters CTCF motif strength.	GM
chr4	122914484	122914544	chr4	122914497	122914516	-motif3939	122914501	A	C	1|0	REF	5.456	15.865	21.32	GAGAGACCTCTGCTGGTCA	GAGCGACCTCTGCTGGTCA	5.456	2	1	2	SNP that strongly alters CTCF motif strength.	GM
chr4	156378259	156378319	chr4	156378288	156378307	-motif3974	156378298	G	C	1|0	REF	11.171	0.0	11.171	.	TTCTGCCCCCTTGAGAAGG	11.171	2	1	2	SNP that strongly alters CTCF motif strength.	GM
chr4	158667751	158667965	chr4	158667818	158667837	-motif3976	158667824	C	A	1|0	ALT	4.006	6.976	2.971	CATGACCACCAGGAGGCCA	CATGAACACCAGGAGGCCA	4.006	1	2	1	SNP that moderately affects CTCF motif strength.	GM
chr4	158667751	158667965	chr4	158667820	158667839	+motif3977	158667824	C	A	1|0	ALT	4.394	13.805	9.411	TGACCACCAGGAGGCCAGG	TGAACACCAGGAGGCCAGG	4.394	1	2	1	SNP that moderately affects CTCF motif strength.	GM
chr4	163544519	163544685	chr4	163544577	163544596	+motif3978	163544594	A	G	0|1	ALT	2.462	3.223	5.685	TGCCACCTAGAGGGCGAGT	TGCCACCTAGAGGGCGGGT	2.462	1	1	1	SNP that moderately affects CTCF motif strength.	GM
chr5	33470723	33470777	chr5	33470738	33470757	+motif4075	33470746	G	C	1|0	REF	3.173	3.228	6.401	GAATCACGAGGAGATGGCG	GAATCACCAGGAGATGGCG	3.173	1	2	2	SNP that strongly alters CTCF motif strength.	GM
chr5	33470723	33470777	chr5	33470741	33470760	+motif4076	33470746	G	C	1|0	REF	15.851	0.0	15.851	.	TCACCAGGAGATGGCGTTA	15.851	2	2	2	SNP that strongly alters CTCF motif strength.	GM
chr5	35815723	35815777	chr5	35815737	35815756	-motif4081	35815744	G	C	0|1	ALT	17.368	0.0	17.368	.	TTGCTCCCCCTACAGGCTG	17.368	2	1	2	SNP that strongly alters CTCF motif strength.	GM
chr5	55226200	55227330	chr5	55226589	55226608	-motif4098	55226608	G	C	1|0	ALT	1.937	10.423	8.486	GGTCACCACCAGGCGGCGG	GGTCACCACCAGGCGGCGC	1.937	1	2	1	SNP that moderately affects CTCF motif strength.	GM
chr5	55226200	55227330	chr5	55226591	55226610	+motif4099	55226608	G	C	1|0	REF	0.651	15.696	16.347	TCACCACCAGGCGGCGGGT	TCACCACCAGGCGGCGCGT	0.651	0	2	1	SNP that moderately affects CTCF motif strength.	GM
chr5	56314713	56314785	chr5	56314743	56314762	-motif4100	56314748	G	T	1|0	ALT	3.375	16.346	12.972	TGCTGCCCCCTAGGGGTTC	TGCTTCCCCCTAGGGGTTC	3.375	1	1	1	SNP that moderately affects CTCF motif strength.	GM
chr5	71778828	71778894	chr5	71778844	71778863	+motif4113	71778862	A	C	0|1	ALT	2.018	4.629	6.647	TCCCCACTGTATGGCAGAA	TCCCCACTGTATGGCAGCA	2.018	1	1	1	SNP that moderately affects CTCF motif strength.	GM
chr5	104413055	104413107	chr5	104413075	104413094	-motif4154	104413091	A	G	1|0	REF	5.031	15.176	20.207	AAGTGCCACCTACTGACCT	AAGTGCCACCTACTGGCCT	5.031	2	1	2	SNP that strongly alters CTCF motif strength.	GM
chr5	119268113	119268245	chr5	119268113	119268132	+motif4178	119268122	A	G	0|1	REF	4.176	5.102	0.927	GGGGCGGCAGAGAGCGAGG	GGGGCGGCGGAGAGCGAGG	4.176	1	1	1	SNP that moderately affects CTCF motif strength.	GM
chr5	120656016	120656046	chr5	120656015	120656034	+motif4179	120656024	T	A	1|0	REF	5.563	16.999	22.562	TTGCCACCTGGTGGTGCCA	TTGCCACCAGGTGGTGCCA	5.563	2	2	2	SNP that strongly alters CTCF motif strength.	GM
chr5	120656016	120656046	chr5	120656018	120656037	+motif4180	120656024	T	A	1|0	REF	0.53	0.0	0.53	.	CCACCAGGTGGTGCCAAAT	0.53	0	2	2	SNP that strongly alters CTCF motif strength.	GM
chr5	133287677	133287723	chr5	133287691	133287710	-motif4202	133287699	T	C	0|1	ALT	3.78	17.651	21.431	CACTGCCTCCTGCTGCCCG	CACTGCCCCCTGCTGCCCG	3.78	1	1	1	SNP that moderately affects CTCF motif strength.	GM
chr5	139394248	139394443	chr5	139394340	139394359	-motif4210	139394348	T	C	0|1	ALT	2.426	0.0	2.426	.	GGCGGCCCGCAGGGGGCCC	2.426	1	2	1	SNP that moderately affects CTCF motif strength.	GM
chr5	139394248	139394443	chr5	139394342	139394361	+motif4211	139394348	T	C	0|1	REF	2.25	18.262	16.012	CGGCCTGCAGGGGGCCCAG	CGGCCCGCAGGGGGCCCAG	2.25	1	2	1	SNP that moderately affects CTCF motif strength.	GM
chr5	146446966	146447332	chr5	146447068	146447087	+motif4235	146447083	A	C	1|0	REF	3.375	15.59	18.964	TTACCGCGAGAGGGAGCCG	TTACCGCGAGAGGGCGCCG	3.375	1	1	1	SNP that moderately affects CTCF motif strength.	GM
chr5	151239370	151239472	chr5	151239421	151239440	-motif4237	151239432	T	C	1|0	ALT	1.658	1.658	0.0	CGGCCGCCCCTTCTTGGCG	.	1.658	1	2	2	SNP that strongly alters CTCF motif strength.	GM
chr5	151239370	151239472	chr5	151239422	151239441	-motif4238	151239432,151239441	T,G	C,A	1|0,0|1	REF	8.153	11.031	19.184	GGCCGCCCCTTCTTGGCGG	GGCCGCCCCCTCTTGGCGA	8.153	2	2	2	SNP that strongly alters CTCF motif strength.	GM
chr5	152462226	152462684	chr5	152462330	152462349	-motif4242	152462337	C	T	1|0	ALT	6.77	15.503	8.733	CATCTCCCTCTAGTGGGGG	CATCTCTCTCTAGTGGGGG	6.77	2	3	2	SNP that strongly alters CTCF motif strength.	GM
chr5	152462226	152462684	chr5	152462333	152462352	+motif4243	152462337	C	T	1|0	ALT	4.644	4.644	0.0	CTCCCTCTAGTGGGGGCAA	.	4.644	1	3	2	SNP that strongly alters CTCF motif strength.	GM
chr5	152462226	152462684	chr5	152462660	152462679	+motif4244	152462676	C	T	0|1	REF	0.102	0.102	0.0	ACCCCACTCTGTGGCCCTG	.	0.102	0	3	2	SNP that strongly alters CTCF motif strength.	GM
chr5	154189921	154190543	chr5	154190073	154190092	+motif4248	154190086	G	C	1|0	ALT	4.353	4.353	0.0	CTAACGCCAGGGGCCCCCT	.	4.353	1	3	2	SNP that strongly alters CTCF motif strength.	GM
chr5	154189921	154190543	chr5	154190081	154190100	-motif4249	154190086	G	C	1|0	ALT	7.195	13.229	6.034	AGGGGCCCCCTAGAGGAAG	AGGGCCCCCCTAGAGGAAG	7.195	2	3	2	SNP that strongly alters CTCF motif strength.	GM
chr5	154189921	154190543	chr5	154190084	154190103	+motif4250	154190086	G	C	1|0	ALT	1.514	3.73	2.216	GGCCCCCTAGAGGAAGAAA	GCCCCCCTAGAGGAAGAAA	1.514	1	3	2	SNP that strongly alters CTCF motif strength.	GM
chr6	29848202	29848282	chr6	29848243	29848262	+motif4388	29848257	A	C	1|0	ALT	2.25	7.922	5.672	CGCCCAGGAGGTGACTGCT	CGCCCAGGAGGTGCCTGCT	2.25	1	3	1	SNP that moderately affects CTCF motif strength.	GM
chr6	29848202	29848282	chr6	29848251	29848270	-motif4389	29848257,29848264	A,A	C,G	1|0,1|0	REF	1.005	0.0	1.005	.	AGGTGCCTGCTGGGGCTGA	1.005	1	3	1	SNP that moderately affects CTCF motif strength.	GM
chr6	29848202	29848282	chr6	29848253	29848272	+motif4390	29848257,29848264	A,A	C,G	1|0,1|0	REF	0.539	0.0	0.539	.	GTGCCTGCTGGGGCTGAGA	0.539	0	3	1	SNP that moderately affects CTCF motif strength.	GM
chr6	31367044	31367106	chr6	31367060	31367079	-motif4437	31367075	T	G	1|0	REF	0.856	0.0	0.856	.	CAGCAGCGCCACCTGGTGG	0.856	0	3	1	SNP that moderately affects CTCF motif strength.	GM
chr6	31367044	31367106	chr6	31367063	31367082	-motif4438	31367075	T	G	1|0	REF	2.574	24.069	26.643	CAGCGCCACCTTGTGGTCG	CAGCGCCACCTGGTGGTCG	2.574	1	3	1	SNP that moderately affects CTCF motif strength.	GM
chr6	31367044	31367106	chr6	31367065	31367084	+motif4439	31367075	T	G	1|0	REF	4.43	0.0	4.43	.	GCGCCACCTGGTGGTCGAT	4.43	1	3	1	SNP that moderately affects CTCF motif strength.	GM
chr6	31493834	31494140	chr6	31494120	31494139	+motif4448	31494137	C	T	0|1	REF	2.63	2.63	0.0	CCTGCGGGCGGTGGAGCCC	.	2.63	1	1	1	SNP that moderately affects CTCF motif strength.	GM
chr6	31923093	31923155	chr6	31923120	31923139	-motif4451	31923131	T	A	1|0	ALT	5.563	18.284	12.722	GGTCGCCCTCTTCTGGTGG	GGTCGCCCTCATCTGGTGG	5.563	2	2	2	SNP that strongly alters CTCF motif strength.	GM
chr6	31923093	31923155	chr6	31923123	31923142	-motif4452	31923131	T	A	1|0	REF	2.659	4.952	7.611	CGCCCTCTTCTGGTGGGGT	CGCCCTCATCTGGTGGGGT	2.659	1	2	2	SNP that strongly alters CTCF motif strength.	GM
chr6	32692037	32692425	chr6	32692213	32692232	-motif4499	32692217	T	C	1|0	REF	1.004	13.449	14.453	CAATGCCCTCTACAGTCCA	CAACGCCCTCTACAGTCCA	1.004	1	1	1	SNP that moderately affects CTCF motif strength.	GM
chr6	35757635	35757695	chr6	35757644	35757663	-motif4507	35757655	A	C	1|0	REF	1.387	10.056	11.443	ATGCACCCCCAAGTGGAAA	ATGCACCCCCCAGTGGAAA	1.387	1	2	1	SNP that moderately affects CTCF motif strength.	GM
chr6	35757635	35757695	chr6	35757647	35757666	+motif4508	35757655	A	C	1|0	REF	2.574	0.822	3.396	CACCCCCAAGTGGAAACTG	CACCCCCCAGTGGAAACTG	2.574	1	2	1	SNP that moderately affects CTCF motif strength.	GM
chr6	36701682	36701750	chr6	36701726	36701745	-motif4511	36701732	A	G	0|1	REF	2.592	5.772	3.18	TGAGGACCCCTAGGGGAGA	TGAGGGCCCCTAGGGGAGA	2.592	1	2	1	SNP that moderately affects CTCF motif strength.	GM
chr6	36701682	36701750	chr6	36701729	36701748	+motif4512	36701732	A	G	0|1	ALT	1.234	4.208	5.442	GGACCCCTAGGGGAGAACA	GGGCCCCTAGGGGAGAACA	1.234	1	2	1	SNP that moderately affects CTCF motif strength.	GM
chr6	41786592	41786670	chr6	41786623	41786642	+motif4523	41786632	C	T	0|1	ALT	0.153	6.798	6.951	AGGACTCTCGGCGGCGGCG	AGGACTCTTGGCGGCGGCG	0.153	0	1	0	SNP with no meaningful effect on CTCF motif strength.	GM
chr6	42104171	42104583	chr6	42104212	42104231	+motif4525	42104228	A	G	0|1	ALT	1.004	1.407	2.411	TGGGATCTAGCGGGCAGGA	TGGGATCTAGCGGGCGGGA	1.004	1	1	1	SNP that moderately affects CTCF motif strength.	GM
chr6	43386684	43386732	chr6	43386684	43386703	+motif4529	43386693	A	G	0|1	REF	4.176	14.917	10.741	TCACCTCTAGAGGGAGCTT	TCACCTCTGGAGGGAGCTT	4.176	1	1	1	SNP that moderately affects CTCF motif strength.	GM
chr6	53956215	53956327	chr6	53956267	53956286	-motif4547	53956278	G	C	1|0	REF	1.54	17.165	18.705	CAGCTCCCCCGAGTGGCTA	CAGCTCCCCCCAGTGGCTA	1.54	1	1	1	SNP that moderately affects CTCF motif strength.	GM
chr6	104525720	104526028	chr6	104525791	104525810	-motif4587	104525802	G	A	0|1	ALT	0.153	4.994	5.147	TTCTGCCTCCGTGAGTTCA	TTCTGCCTCCATGAGTTCA	0.153	0	1	0	SNP with no meaningful effect on CTCF motif strength.	GM
chr6	134882590	134882672	chr6	134882630	134882649	-motif4625	134882641	T	C	0|1	REF	4.176	15.669	11.494	CAGCGTCACCTGCTGGGAT	CAGCGTCACCCGCTGGGAT	4.176	1	2	1	SNP that moderately affects CTCF motif strength.	GM
chr6	134882590	134882672	chr6	134882636	134882655	+motif4626	134882641	T	C	0|1	ALT	3.035	0.0	3.035	.	CACCCGCTGGGATGCAGTG	3.035	1	2	1	SNP that moderately affects CTCF motif strength.	GM
chr6	148948034	148948088	chr6	148948052	148948071	-motif4641	148948063	C	T	0|1	ALT	1.557	0.0	1.557	.	TCATTGCTCCTCCTGGTGG	1.557	1	3	1	SNP that moderately affects CTCF motif strength.	GM
chr6	148948034	148948088	chr6	148948055	148948074	-motif4642	148948063	C	T	0|1	REF	3.78	19.302	15.522	TTGCTCCCCCTGGTGGACT	TTGCTCCTCCTGGTGGACT	3.78	1	3	1	SNP that moderately affects CTCF motif strength.	GM
chr6	148948034	148948088	chr6	148948057	148948076	+motif4643	148948063	C	T	0|1	ALT	0.055	0.0	0.055	.	GCTCCTCCTGGTGGACTTC	0.055	0	3	1	SNP that moderately affects CTCF motif strength.	GM
chr6	158813934	158814392	chr6	158814278	158814297	-motif4665	158814293	G	C	1|0	ALT	0.984	0.984	0.0	TGCGCCCCCCAGCCGTCAA	.	0.984	0	1	0	SNP with no meaningful effect on CTCF motif strength.	GM
chr7	2651551	2651631	chr7	2651560	2651579	-motif4710	2651567	C	A	0|1	REF	0.516	0.516	0.0	CAGCGCCCCCTACACGTGT	.	0.516	0	1	0	SNP with no meaningful effect on CTCF motif strength.	GM
chr7	8036052	8036134	chr7	8036063	8036082	-motif4731	8036076	C	T	0|1	REF	0.004	0.004	0.0	CATCTGCTTCTGCTGTAGC	.	0.004	0	1	0	SNP with no meaningful effect on CTCF motif strength.	GM
chr7	22550351	22550467	chr7	22550421	22550440	+motif4741	22550432	G	A	1|0	ALT	1.323	14.08	12.757	TGGCCACAGGGAGGCGCAT	TGGCCACAGGAAGGCGCAT	1.323	1	1	1	SNP that moderately affects CTCF motif strength.	GM
chr7	22854011	22854379	chr7	22854170	22854189	+motif4742	22854176	G	C	1|0	ALT	2.322	2.424	0.102	GGACCGGGAGGGGCCTTCC	GGACCCGGAGGGGCCTTCC	2.322	1	1	1	SNP that moderately affects CTCF motif strength.	GM
chr7	23545053	23545173	chr7	23545073	23545092	-motif4744	23545083	C	T	0|1	REF	8.053	14.994	6.941	TACTGACATCTAGTGGGTA	TACTGACATTTAGTGGGTA	8.053	2	2	2	SNP that strongly alters CTCF motif strength.	GM
chr7	23545053	23545173	chr7	23545076	23545095	+motif4745	23545083	C	T	0|1	REF	2.528	2.528	0.0	TGACATCTAGTGGGTAGAG	.	2.528	1	2	2	SNP that strongly alters CTCF motif strength.	GM
chr7	32204500	32204626	chr7	32204543	32204562	-motif4764	32204548	A	A	1|1	ALT	0.0	5.615	5.615	TTACATCCTCTAGAGGAGA	TTACATCCTCTAGAGGAGA	0.0	0	2	0	SNP with no meaningful effect on CTCF motif strength.	GM
chr7	32204500	32204626	chr7	32204546	32204565	+motif4765	32204548,32204564	A,G	A,A	1|1,0|1	ALT	0.123	4.419	4.542	CATCCTCTAGAGGAGAGGG	CATCCTCTAGAGGAGAGAG	0.123	0	2	0	SNP with no meaningful effect on CTCF motif strength.	GM
chr7	38070712	38070848	chr7	38070811	38070830	+motif4786	38070823	G	A	1|0	ALT	3.78	7.453	3.674	TGTGCCAGAGGGGGCAGCA	TGTGCCAGAGGAGGCAGCA	3.78	1	2	1	SNP that moderately affects CTCF motif strength.	GM
chr7	38070712	38070848	chr7	38070812	38070831	+motif4787	38070823	G	A	1|0	ALT	1.323	5.66	4.338	GTGCCAGAGGGGGCAGCAC	GTGCCAGAGGAGGCAGCAC	1.323	1	2	1	SNP that moderately affects CTCF motif strength.	GM
chr7	39742386	39742418	chr7	39742388	39742407	-motif4791	39742396	T	G	0|1	REF	1.612	14.485	12.873	GAGCGCTTCCTGCTGGTGG	GAGCGCTGCCTGCTGGTGG	1.612	1	3	1	SNP that moderately affects CTCF motif strength.	GM
chr7	39742386	39742418	chr7	39742391	39742410	-motif4792	39742396	T	G	0|1	ALT	3.375	5.69	9.065	CGCTTCCTGCTGGTGGGAT	CGCTGCCTGCTGGTGGGAT	3.375	1	3	1	SNP that moderately affects CTCF motif strength.	GM
chr7	39742386	39742418	chr7	39742393	39742412	+motif4793	39742396	T	G	0|1	ALT	2.021	0.0	2.021	.	CTGCCTGCTGGTGGGATGC	2.021	1	3	1	SNP that moderately affects CTCF motif strength.	GM
chr7	41940852	41941024	chr7	41940969	41940988	-motif4796	41940971	T	C	0|1	REF	0.123	5.025	4.902	TTCCGCTCCCTACAGAGCC	TCCCGCTCCCTACAGAGCC	0.123	0	1	0	SNP with no meaningful effect on CTCF motif strength.	GM
chr7	48424941	48425015	chr7	48424958	48424977	-motif4812	48424977	C	T	0|1	REF	0.362	3.453	3.091	AGTTGCCACTTGATGGCAC	AGTTGCCACTTGATGGCAT	0.362	0	2	1	SNP that moderately affects CTCF motif strength.	GM
chr7	48424941	48425015	chr7	48424960	48424979	+motif4813	48424977	C	T	0|1	REF	4.261	14.97	10.71	TTGCCACTTGATGGCACGC	TTGCCACTTGATGGCATGC	4.261	1	2	1	SNP that moderately affects CTCF motif strength.	GM
chr7	55255376	55255938	chr7	55255768	55255787	-motif4817	55255772	C	T	1|0	ALT	1.004	1.012	0.008	CAGCGCCAGCCTCCGAAAA	CAGTGCCAGCCTCCGAAAA	1.004	1	2	1	SNP that moderately affects CTCF motif strength.	GM
chr7	55255376	55255938	chr7	55255790	55255809	+motif4818	55255799	G	A	1|0	REF	0.549	0.0	0.549	.	GGCCCGGCAGGAAGGAGCC	0.549	0	2	1	SNP that moderately affects CTCF motif strength.	GM
chr7	85750521	85750603	chr7	85750569	85750588	-motif4844	85750571	A	C	0|1	REF	1.882	18.018	16.136	AAGCGCCACCTGCTGGATT	ACGCGCCACCTGCTGGATT	1.882	1	1	1	SNP that moderately affects CTCF motif strength.	GM
chr7	98168674	98168836	chr7	98168792	98168811	-motif4859	98168805	A	G	1|0	REF	6.142	11.386	17.528	TGCTGCCATCTAATGTCCT	TGCTGCCATCTAGTGTCCT	6.142	2	1	2	SNP that strongly alters CTCF motif strength.	GM
chr7	100966197	100966615	chr7	100966464	100966483	+motif4871	100966478	C	T	0|1	ALT	1.729	0.0	1.729	.	CTGACGGCCGGCGTCGCGC	1.729	1	1	1	SNP that moderately affects CTCF motif strength.	GM
chr7	107879486	107879614	chr7	107879549	107879568	-motif4894	107879551	A	G	1|0	REF	0.259	17.228	17.487	CATTGCCCTCTTCTGGGCA	CGTTGCCCTCTTCTGGGCA	0.259	0	1	0	SNP with no meaningful effect on CTCF motif strength.	GM
chr8	19779667	19779765	chr8	19779700	19779719	+motif5018	19779717	G	C	1|0	REF	0.651	17.21	17.86	CCACCACTAGATGTCAGTA	CCACCACTAGATGTCACTA	0.651	0	1	0	SNP with no meaningful effect on CTCF motif strength.	GM
chr8	32549021	32549319	chr8	32549248	32549267	-motif5058	32549250	C	T	1|0	REF	0.123	5.778	5.901	ACGGGCCGCCTGGAGGGAG	ATGGGCCGCCTGGAGGGAG	0.123	0	1	0	SNP with no meaningful effect on CTCF motif strength.	GM
chr8	106081112	106081260	chr8	106081177	106081196	-motif5156	106081195	G	A	0|1	REF	0.19	13.257	13.067	CTGGGACCCCTAGTGGAGA	CTGGGACCCCTAGTGGAAA	0.19	0	1	0	SNP with no meaningful effect on CTCF motif strength.	GM
chr8	107779915	107779991	chr8	107779956	107779975	-motif5157	107779969	C	T	0|1	REF	3.619	22.062	18.443	GACTGCCCTCTACTGGCTA	GACTGCCCTCTATTGGCTA	3.619	1	1	1	SNP that moderately affects CTCF motif strength.	GM
chr8	144277681	144277890	chr8	144277744	144277763	+motif5231	144277763	A	A	1|1	ALT	0.0	21.582	21.582	AGTCCACCAGGGGGCGACA	AGTCCACCAGGGGGCGACA	0.0	0	5	0	SNP with no meaningful effect on CTCF motif strength.	GM
chr8	144277681	144277890	chr8	144277747	144277766	+motif5232	144277763	A	A	1|1	ALT	0.0	7.106	7.106	CCACCAGGGGGCGACAGCG	CCACCAGGGGGCGACAGCG	0.0	0	5	0	SNP with no meaningful effect on CTCF motif strength.	GM
chr8	144277681	144277890	chr8	144277814	144277833	+motif5233	144277820	G	A	0|1	ALT	0.958	0.0	0.958	.	GGTGCAGGCAGGGGCGGCC	0.958	0	5	0	SNP with no meaningful effect on CTCF motif strength.	GM
chr8	144277681	144277890	chr8	144277815	144277834	+motif5234	144277820	G	A	0|1	ALT	0.866	0.0	0.866	.	GTGCAGGCAGGGGCGGCCA	0.866	0	5	0	SNP with no meaningful effect on CTCF motif strength.	GM
chr8	144277681	144277890	chr8	144277818	144277837	+motif5235	144277820	G	A	0|1	REF	0.577	0.577	0.0	CGGGCAGGGGCGGCCACTG	.	0.577	0	5	0	SNP with no meaningful effect on CTCF motif strength.	GM
chr9	1732831	1732931	chr9	1732866	1732885	-motif5257	1732880	G	A	0|1	ALT	2.25	17.796	20.046	GAGTGCCACCTACGGGCAA	GAGTGCCACCTACAGGCAA	2.25	1	1	1	SNP that moderately affects CTCF motif strength.	GM
chr9	4762041	4762937	chr9	4762397	4762416	+motif5264	4762416	C	T	0|1	REF	2.148	2.148	0.0	GAGGCTGAAGCGGGCAGAC	.	2.148	1	1	1	SNP that moderately affects CTCF motif strength.	GM
chr9	6354257	6354361	chr9	6354282	6354301	+motif5272	6354290	A	T	0|1	ALT	1.598	15.413	17.011	TCAACACAAGGGGGTGCTA	TCAACACTAGGGGGTGCTA	1.598	1	1	1	SNP that moderately affects CTCF motif strength.	GM
chr9	16039491	16039700	chr9	16039565	16039584	+motif5292	16039581	A	G	1|0	REF	1.004	8.209	9.213	AGGAAGGTAGGTGGCACTG	AGGAAGGTAGGTGGCGCTG	1.004	1	1	1	SNP that moderately affects CTCF motif strength.	GM
chr9	34664466	34664544	chr9	34664481	34664500	+motif5317	34664491	G	G	1|1	ALT	0.0	8.442	8.442	GGGGCGGCAGAGAGCAGTG	GGGGCGGCAGAGAGCAGTG	0.0	0	2	1	SNP that moderately affects CTCF motif strength.	GM
chr9	34664466	34664544	chr9	34664510	34664529	+motif5318	34664513	T	A	0|1	ALT	1.068	4.205	5.273	TCTCCTAGGGAGGGAGCAA	TCACCTAGGGAGGGAGCAA	1.068	1	2	1	SNP that moderately affects CTCF motif strength.	GM
chr9	36855635	36855715	chr9	36855658	36855677	+motif5321	36855664	T	A	0|1	ALT	3.031	0.705	3.736	GGCCCTTCAGGGGCTGGTT	GGCCCATCAGGGGCTGGTT	3.031	1	1	1	SNP that moderately affects CTCF motif strength.	GM
chr9	78239631	78239840	chr9	78239690	78239709	+motif5343	78239692	A	G	1|0	REF	1.867	11.196	13.063	TACCCGGCAGGTGTCAGGC	TGCCCGGCAGGTGTCAGGC	1.867	1	1	1	SNP that moderately affects CTCF motif strength.	GM
chr9	88741522	88741560	chr9	88741539	88741558	-motif5355	88741544	G	A	0|1	REF	4.009	15.06	11.051	TAGCGCCCCCTTGTGTGGT	TAGCACCCCCTTGTGTGGT	4.009	1	1	1	SNP that moderately affects CTCF motif strength.	GM
chr9	92729406	92729618	chr9	92729549	92729568	+motif5367	92729568	G	A	1|0	REF	0.038	4.655	4.694	CAGCAGCTGGGGGCCGGCG	CAGCAGCTGGGGGCCGGCA	0.038	0	3	1	SNP that moderately affects CTCF motif strength.	GM
chr9	92729406	92729618	chr9	92729559	92729578	+motif5368	92729568	G	A	1|0	REF	4.176	14.013	18.188	GGGCCGGCGGAGGGAGCTC	GGGCCGGCAGAGGGAGCTC	4.176	1	3	1	SNP that moderately affects CTCF motif strength.	GM
chr9	92729406	92729618	chr9	92729599	92729618	+motif5369	92729617	A	G	1|0	ALT	0.123	11.101	10.978	CCCACTCCAGATGGCACAC	CCCACTCCAGATGGCACGC	0.123	0	3	1	SNP that moderately affects CTCF motif strength.	GM
chr9	96317460	96317590	chr9	96317544	96317563	-motif5385	96317556,96317557	C,G	T,A	0|1,0|1	REF	1.769	1.769	0.0	TGCTGGCCACACGTGGAAG	.	1.769	1	2	1	SNP that moderately affects CTCF motif strength.	GM
chr9	96317460	96317590	chr9	96317547	96317566	+motif5386	96317556,96317557	C,G	T,A	0|1,0|1	REF	4.833	4.833	0.0	TGGCCACACGTGGAAGCAA	.	4.833	1	2	1	SNP that moderately affects CTCF motif strength.	GM
chr9	104091906	104091944	chr9	104091923	104091942	-motif5397	104091924	C	T	0|1	ALT	0.038	8.809	8.847	CACTGCCCGCTAGCGTTGA	TACTGCCCGCTAGCGTTGA	0.038	0	1	0	SNP with no meaningful effect on CTCF motif strength.	GM
chr9	105447879	105448087	chr9	105447898	105447917	-motif5408	105447915	T	G	1|0	ALT	1.285	1.285	0.0	GAGTGCAGCCTGCAGATGC	.	1.285	1	5	2	SNP that strongly alters CTCF motif strength.	GM
chr9	105447879	105448087	chr9	105447903	105447922	+motif5409	105447915	T	G	1|0	REF	0.839	0.0	0.839	.	CAGCCTGCAGAGGCACTAG	0.839	0	5	2	SNP that strongly alters CTCF motif strength.	GM
chr9	105447879	105448087	chr9	105447912	105447931	+motif5410	105447915,105447931	T,C	G,A	1|0,1|0	REF	1.213	0.0	1.213	.	GAGGCACTAGCGGTAGACA	1.213	1	5	2	SNP that strongly alters CTCF motif strength.	GM
chr9	105447879	105448087	chr9	105447926	105447945	+motif5411	105447931	C	A	1|0	ALT	7.375	8.103	0.728	AGACCGACGGGCGGCGCTC	AGACAGACGGGCGGCGCTC	7.375	2	5	2	SNP that strongly alters CTCF motif strength.	GM
chr9	105447879	105448087	chr9	105448012	105448031	-motif5412	105448019	C	T	0|1	REF	6.77	7.222	0.452	CCCTCCCTTCTGCGGGCCG	CCCTCCTTTCTGCGGGCCG	6.77	2	5	2	SNP that strongly alters CTCF motif strength.	GM
chr9	132575170	132575250	chr9	132575217	132575236	-motif5470	132575228	C	C	1|1	ALT	0.0	20.623	20.623	CAGTGCCACCCGCTGGCGA	CAGTGCCACCCGCTGGCGA	0.0	0	3	0	SNP with no meaningful effect on CTCF motif strength.	GM
chr9	132575170	132575250	chr9	132575219	132575238	+motif5471	132575228	C	C	1|1	ALT	0.0	3.237	3.237	GTGCCACCCGCTGGCGAGT	GTGCCACCCGCTGGCGAGT	0.0	0	3	0	SNP with no meaningful effect on CTCF motif strength.	GM
chr9	132575170	132575250	chr9	132575220	132575239	-motif5472	132575228	C	C	1|1	ALT	0.0	2.087	2.087	TGCCACCCGCTGGCGAGTC	TGCCACCCGCTGGCGAGTC	0.0	0	3	0	SNP with no meaningful effect on CTCF motif strength.	GM
chr10	30591321	30591421	chr10	30591380	30591399	+motif520	30591397,30591399	T,G	A,G	1|0,1|1	REF	1.148	1.594	2.742	TGCCATCTAGAGGCCATCG	TGCCATCTAGAGGCCAACG	1.148	1	2	1	SNP that moderately affects CTCF motif strength.	GM
chr10	30591321	30591421	chr10	30591390	30591409	+motif521	30591397,30591399	T,G	A,G	1|0,1|1	REF	1.857	0.0	1.857	.	AGGCCAACGGGAGTAATTA	1.857	1	2	1	SNP that moderately affects CTCF motif strength.	GM
chr10	30751999	30752083	chr10	30752034	30752053	+motif525	30752051	G	A	1|0	ALT	1.284	1.284	0.0	AGGCCACCAGCAGAGGGGG	.	1.284	1	3	1	SNP that moderately affects CTCF motif strength.	GM
chr10	30751999	30752083	chr10	30752037	30752056	+motif526	30752051	G	A	1|0	ALT	4.348	17.331	12.983	CCACCAGCAGAGGGGGCCG	CCACCAGCAGAGGAGGCCG	4.348	1	3	1	SNP that moderately affects CTCF motif strength.	GM
chr10	30751999	30752083	chr10	30752040	30752059	+motif527	30752051	G	A	1|0	ALT	1.323	5.233	3.91	CCAGCAGAGGGGGCCGCAG	CCAGCAGAGGAGGCCGCAG	1.323	1	3	1	SNP that moderately affects CTCF motif strength.	GM
chr10	32005125	32005199	chr10	32005161	32005180	-motif533	32005173	G	A	0|1	REF	0.976	17.349	16.373	TGGATCCCTCTGCTGGTCA	TGGATCCCTCTACTGGTCA	0.976	0	1	0	SNP with no meaningful effect on CTCF motif strength.	GM
chr10	42866813	42866901	chr10	42866834	42866853	+motif537	42866841,42866850	C,A	T,G	0|1,0|1	REF	5.138	22.192	17.054	TAGCCACGAGGTGGCACCG	TAGCCATGAGGTGGCGCCG	5.138	2	1	2	SNP that strongly alters CTCF motif strength.	GM
chr10	50660262	50660378	chr10	50660324	50660343	-motif562	50660329	G	A	1|0	ALT	4.009	4.111	0.103	ATCTGCCACTAGGTGGAAG	ATCTACCACTAGGTGGAAG	4.009	1	2	1	SNP that moderately affects CTCF motif strength.	GM
chr10	50660262	50660378	chr10	50660326	50660345	+motif563	50660329	G	A	1|0	ALT	1.234	19.871	18.638	CTGCCACTAGGTGGAAGCC	CTACCACTAGGTGGAAGCC	1.234	1	2	1	SNP that moderately affects CTCF motif strength.	GM
chr10	55740909	55741015	chr10	55740951	55740970	-motif569	55740963	G	A	1|0	ALT	0.976	17.972	16.997	TACTGCCATCTGCTGGAAT	TACTGCCATCTACTGGAAT	0.976	0	1	0	SNP with no meaningful effect on CTCF motif strength.	GM
chr10	69800237	69800299	chr10	69800261	69800280	-motif588	69800277	C	T	0|1	ALT	0.858	4.328	5.186	CTGTACCTCCCAGTGCAGA	CTGTACCTCCCAGTGTAGA	0.858	0	1	0	SNP with no meaningful effect on CTCF motif strength.	GM
chr10	71812097	71812169	chr10	71812122	71812141	-motif596	71812124,71812126	G,C	A,T	0|1,0|1	REF	1.263	25.506	24.243	GGGCGCCCCCTGGTGGGCG	GAGTGCCCCCTGGTGGGCG	1.263	1	2	1	SNP that moderately affects CTCF motif strength.	GM
chr10	71812097	71812169	chr10	71812125	71812144	+motif597	71812126	C	T	0|1	ALT	0.1	5.75	5.85	CGCCCCCTGGTGGGCGGGC	TGCCCCCTGGTGGGCGGGC	0.1	0	2	1	SNP that moderately affects CTCF motif strength.	GM
chr10	78303085	78303697	chr10	78303503	78303522	-motif608	78303517	C	C	1|1	ALT	0.0	2.033	2.033	GCGCGTCCTCCAGCGCGCT	GCGCGTCCTCCAGCGCGCT	0.0	0	1	0	SNP with no meaningful effect on CTCF motif strength.	GM
chr10	79779445	79779653	chr10	79779458	79779477	-motif618	79779468	C	G	0|1	REF	3.362	3.362	0.0	AGCCTTCTCCAAGCGGCGG	.	3.362	1	2	1	SNP that moderately affects CTCF motif strength.	GM
chr10	79779445	79779653	chr10	79779460	79779479	+motif619	79779468	C	G	0|1	REF	1.18	1.18	0.0	CCTTCTCCAAGCGGCGGGA	.	1.18	1	2	1	SNP that moderately affects CTCF motif strength.	GM
chr10	80029385	80029465	chr10	80029409	80029428	-motif620	80029426	A	G	0|1	REF	0.894	15.81	14.916	AGCTGCCCTCTCCTGGAAA	AGCTGCCCTCTCCTGGGAA	0.894	0	1	0	SNP with no meaningful effect on CTCF motif strength.	GM
chr10	86139213	86139281	chr10	86139230	86139249	-motif630	86139241	C	T	1|0	REF	4.176	10.864	15.04	TGTCTCCCCCCACAGGTTG	TGTCTCCCCCTACAGGTTG	4.176	1	2	1	SNP that moderately affects CTCF motif strength.	GM
chr10	86139213	86139281	chr10	86139236	86139255	+motif631	86139241	C	T	1|0	ALT	0.109	0.109	0.0	CCCCCACAGGTTGGATGCC	.	0.109	0	2	1	SNP that moderately affects CTCF motif strength.	GM
chr10	102669851	102670060	chr10	102669974	102669993	-motif664	102669989	G	C	0|1	REF	14.338	14.338	0.0	CTGCCCCCTCTACTGGTGG	.	14.338	2	3	2	SNP that strongly alters CTCF motif strength.	GM
chr10	102669851	102670060	chr10	102669977	102669996	-motif665	102669989	G	C	0|1	REF	0.607	0.607	0.0	CCCCCTCTACTGGTGGCAT	.	0.607	0	3	2	SNP that strongly alters CTCF motif strength.	GM
chr10	102669851	102670060	chr10	102669987	102670006	-motif666	102669989	G	C	0|1	REF	0.064	0.064	0.0	TGGTGGCATCCAGAGCAGC	.	0.064	0	3	2	SNP that strongly alters CTCF motif strength.	GM
chr10	121887147	121887223	chr10	121887179	121887198	-motif716	121887192	G	C	1|0	ALT	0.661	6.365	5.705	CTACACCACCACGTGGTGG	CTACACCACCACCTGGTGG	0.661	0	3	2	SNP that strongly alters CTCF motif strength.	GM
chr10	121887147	121887223	chr10	121887182	121887201	-motif717	121887192	G	C	1|0	REF	18.768	2.936	21.704	CACCACCACGTGGTGGCGG	CACCACCACCTGGTGGCGG	18.768	2	3	2	SNP that strongly alters CTCF motif strength.	GM
chr10	121887147	121887223	chr10	121887184	121887203	+motif718	121887192	G	C	1|0	REF	3.173	13.984	17.157	CCACCACGTGGTGGCGGAG	CCACCACCTGGTGGCGGAG	3.173	1	3	2	SNP that strongly alters CTCF motif strength.	GM
chr10	133247114	133247196	chr10	133247129	133247148	-motif753	133247132	T	C	1|0	REF	2.462	3.129	5.591	CCTGACCACCAGGCGGCCC	CCCGACCACCAGGCGGCCC	2.462	1	2	1	SNP that moderately affects CTCF motif strength.	GM
chr10	133247114	133247196	chr10	133247131	133247150	+motif754	133247132	T	C	1|0	ALT	0.1	17.485	17.385	TGACCACCAGGCGGCCCCA	CGACCACCAGGCGGCCCCA	0.1	0	2	1	SNP that moderately affects CTCF motif strength.	GM
chr11	18171504	18171656	chr11	18171550	18171569	-motif819	18171560	C	T	0|1	REF	3.367	3.367	0.0	TCTGTCCACCAGGAGGCCT	.	3.367	1	2	1	SNP that moderately affects CTCF motif strength.	GM
chr11	18171504	18171656	chr11	18171552	18171571	+motif820	18171560	C	T	0|1	REF	0.976	13.174	12.198	TGTCCACCAGGAGGCCTCC	TGTCCACTAGGAGGCCTCC	0.976	0	2	1	SNP that moderately affects CTCF motif strength.	GM
chr11	33988144	33988200	chr11	33988166	33988185	-motif842	33988182	G	C	1|0	ALT	5.251	18.671	13.419	GAGCGCCCCCTTGAGGCTT	GAGCGCCCCCTTGAGCCTT	5.251	2	1	2	SNP that strongly alters CTCF motif strength.	GM
chr11	35392315	35392471	chr11	35392400	35392419	-motif845	35392417	G	C	1|0	REF	3.196	13.372	16.567	CAGCGCCCCCATGTGTGCA	CAGCGCCCCCATGTGTCCA	3.196	1	1	1	SNP that moderately affects CTCF motif strength.	GM
chr11	44538628	44538694	chr11	44538643	44538662	-motif853	44538651	G	A	1|0	REF	4.271	14.928	19.199	GGGCGACGCCTGCTGGAGA	GGGCGACACCTGCTGGAGA	4.271	1	3	1	SNP that moderately affects CTCF motif strength.	GM
chr11	44538628	44538694	chr11	44538645	44538664	+motif854	44538651	G	A	1|0	REF	0.462	0.0	0.462	.	GCGACACCTGCTGGAGATA	0.462	0	3	1	SNP that moderately affects CTCF motif strength.	GM
chr11	44538628	44538694	chr11	44538646	44538665	-motif855	44538651,44538665	G,C	A,C	1|0,1|1	ALT	0.721	0.721	0.0	CGACGCCTGCTGGAGATAC	.	0.721	0	3	1	SNP that moderately affects CTCF motif strength.	GM
chr11	62325059	62325129	chr11	62325101	62325120	-motif875	62325104	T	G	1|0	REF	3.113	14.351	17.463	CATCGCCTCCTTGGGGCCA	CAGCGCCTCCTTGGGGCCA	3.113	1	1	1	SNP that moderately affects CTCF motif strength.	GM
chr11	116217183	116217247	chr11	116217194	116217213	+motif972	116217206,116217207	T,G	C,A	1|0,0|1	REF	11.041	18.327	7.287	CGCTCACCAGATGGCGCTG	CGCTCACCAGACAGCGCTG	11.041	2	1	2	SNP that strongly alters CTCF motif strength.	GM
chr12	949648	950054	chr12	949960	949979	-motif1021	949977	A	G	1|0	ALT	0.894	23.402	22.508	TGCTGCCCCCTGGTGGACC	TGCTGCCCCCTGGTGGGCC	0.894	0	3	1	SNP that moderately affects CTCF motif strength.	GM
chr12	949648	950054	chr12	949962	949981	+motif1022	949977	A	G	1|0	ALT	3.821	6.669	2.849	CTGCCCCCTGGTGGACCTG	CTGCCCCCTGGTGGGCCTG	3.821	1	3	1	SNP that moderately affects CTCF motif strength.	GM
chr12	949648	950054	chr12	949992	950011	+motif1023	950003	G	G	1|1	ALT	0.0	2.534	2.534	AGGCCTTCAGGGGCTAGTT	AGGCCTTCAGGGGCTAGTT	0.0	0	3	1	SNP that moderately affects CTCF motif strength.	GM
chr12	1093226	1093794	chr12	1093460	1093479	+motif1024	1093463	G	T	0|1	REF	2.302	4.295	1.994	CCGCTAGCAGAGGATACCT	CCTCTAGCAGAGGATACCT	2.302	1	1	1	SNP that moderately affects CTCF motif strength.	GM
chr12	3299871	3300923	chr12	3300096	3300115	+motif1030	3300111	C	T	0|1	REF	4.009	10.378	6.369	TTCCCTGCAGGTGCCGGAG	TTCCCTGCAGGTGCTGGAG	4.009	1	1	1	SNP that moderately affects CTCF motif strength.	GM
chr12	50132686	50132754	chr12	50132702	50132721	+motif1120	50132712	C	G	1|0	REF	18.768	0.612	19.38	TTTCCACTACAGGGCAGAG	TTTCCACTAGAGGGCAGAG	18.768	2	1	2	SNP that strongly alters CTCF motif strength.	GM
chr12	57462540	57463000	chr12	57462867	57462886	-motif1150	57462884	G	C	0|1	ALT	0.134	0.0	0.134	.	GGGCTGTCCCTGGGGACGG	0.134	0	2	1	SNP that moderately affects CTCF motif strength.	GM
chr12	57462540	57463000	chr12	57462883	57462902	+motif1151	57462884	G	C	0|1	ALT	1.937	6.623	8.56	GGGGCACGAGAAGGAAGGG	CGGGCACGAGAAGGAAGGG	1.937	1	2	1	SNP that moderately affects CTCF motif strength.	GM
chr12	57476339	57476533	chr12	57476364	57476383	+motif1152	57476372	A	C	0|1	ALT	2.574	15.367	17.941	CAGCCTGAGGAGGGCGCTG	CAGCCTGCGGAGGGCGCTG	2.574	1	1	1	SNP that moderately affects CTCF motif strength.	GM
chr12	69357625	69357715	chr12	69357645	69357664	+motif1167	69357652,69357654	C,G	T,T	1|0,1|0	ALT	7.529	17.202	9.673	TAGCCACGGGAGGGCAGCA	TAGCCATGTGAGGGCAGCA	7.529	2	1	2	SNP that strongly alters CTCF motif strength.	GM
chr12	69738629	69738837	chr12	69738689	69738708	-motif1172	69738705	G	C	1|0	ALT	0.77	0.77	0.0	CCGTGACACCTGCGAGGAG	.	0.77	0	1	0	SNP with no meaningful effect on CTCF motif strength.	GM
chr12	102702676	102702736	chr12	102702711	102702730	-motif1205	102702719	G	A	0|1	ALT	1.357	0.0	1.357	.	CATACCCACCCCCTGGTGG	1.357	1	3	1	SNP that moderately affects CTCF motif strength.	GM
chr12	102702676	102702736	chr12	102702714	102702733	-motif1206	102702719	G	A	0|1	REF	4.009	21.868	17.859	ACCCGCCCCCTGGTGGCTG	ACCCACCCCCTGGTGGCTG	4.009	1	3	1	SNP that moderately affects CTCF motif strength.	GM
chr12	102702676	102702736	chr12	102702716	102702735	+motif1207	102702719	G	A	0|1	REF	1.234	4.924	3.691	CCGCCCCCTGGTGGCTGAT	CCACCCCCTGGTGGCTGAT	1.234	1	3	1	SNP that moderately affects CTCF motif strength.	GM
chr12	107761114	107761338	chr12	107761316	107761335	-motif1219	107761331	G	A	0|1	REF	7.231	7.231	0.0	CCGCGTCTCCATCCGGCCG	.	7.231	2	1	2	SNP that strongly alters CTCF motif strength.	GM
chr12	110431379	110431821	chr12	110431529	110431548	-motif1223	110431530	T	G	1|0	ALT	0.594	24.913	24.319	TTGCGCCCCCTGCTGGCAG	GTGCGCCCCCTGCTGGCAG	0.594	0	1	0	SNP with no meaningful effect on CTCF motif strength.	GM
chr12	121223451	121223991	chr12	121223555	121223574	+motif1237	121223562	G	C	1|0	REF	0.661	2.848	3.508	GGGCCAGAAGTAGTCTGTC	GGGCCACAAGTAGTCTGTC	0.661	0	4	1	SNP that moderately affects CTCF motif strength.	GM
chr12	121223451	121223991	chr12	121223704	121223723	+motif1238	121223713	A	G	1|0	ALT	0.643	0.643	0.0	TGCACAGCAGGGGGGCAGT	.	0.643	0	4	1	SNP that moderately affects CTCF motif strength.	GM
chr12	121223451	121223991	chr12	121223705	121223724	+motif1239	121223713	A	G	1|0	ALT	0.599	5.575	4.976	GCACAGCAGGGGGGCAGTG	GCACAGCGGGGGGGCAGTG	0.599	0	4	1	SNP that moderately affects CTCF motif strength.	GM
chr12	121223451	121223991	chr12	121223880	121223899	+motif1240	121223885,121223897	C,G	T,G	0|1,1|1	REF	2.061	2.061	0.0	TGGGCGACAGAGTGAGGGA	.	2.061	1	4	1	SNP that moderately affects CTCF motif strength.	GM
chr12	124898564	124898668	chr12	124898579	124898598	-motif1257	124898583	A	C	1|0	REF	5.456	11.903	17.358	TGGAGCCACCTGCGGGTAC	TGGCGCCACCTGCGGGTAC	5.456	2	2	2	SNP that strongly alters CTCF motif strength.	GM
chr12	124898564	124898668	chr12	124898581	124898600	+motif1258	124898583	A	C	1|0	REF	0.354	7.357	7.71	GAGCCACCTGCGGGTACCA	GCGCCACCTGCGGGTACCA	0.354	0	2	2	SNP that strongly alters CTCF motif strength.	GM
chr12	125533573	125533677	chr12	125533633	125533652	-motif1260	125533650	G	C	1|0	REF	0.636	0.0	0.636	.	TGGCGCCGCAGACCGGCTT	0.636	0	1	0	SNP with no meaningful effect on CTCF motif strength.	GM
chr12	131949706	131949914	chr12	131949831	131949850	-motif1273	131949846	T	G	1|0	REF	3.989	0.0	3.989	.	CCTCGACCTCCGGCGCCCT	3.989	1	2	1	SNP that moderately affects CTCF motif strength.	GM
chr12	131949706	131949914	chr12	131949841	131949860	-motif1274	131949846	T	G	1|0	REF	3.375	11.578	14.952	CGGCTCCCTCGCGCGGTCA	CGGCGCCCTCGCGCGGTCA	3.375	1	2	1	SNP that moderately affects CTCF motif strength.	GM
chr13	20489336	20489406	chr13	20489380	20489399	-motif1282	20489385	G	A	1|0	ALT	4.009	16.047	12.038	TGGCGCCCTCTACTGCTTC	TGGCACCCTCTACTGCTTC	4.009	1	1	1	SNP that moderately affects CTCF motif strength.	GM
chr13	26186149	26186873	chr13	26186411	26186430	+motif1299	26186427	G	C	1|0	ALT	1.436	1.436	0.0	AGAGCAAGAGCGGGAGGCG	.	1.436	1	3	1	SNP that moderately affects CTCF motif strength.	GM
chr13	26186149	26186873	chr13	26186424	26186443	+motif1300	26186427,26186434	G,A	C,G	1|0,1|0	REF	2.88	0.0	2.88	.	GACGCGCCGGGGGGCGTCT	2.88	1	3	1	SNP that moderately affects CTCF motif strength.	GM
chr13	26186149	26186873	chr13	26186668	26186687	+motif1301	26186675	G	A	1|0	ALT	3.619	3.889	0.269	TCGGCCGCAGGTAGCGCGT	TCGGCCACAGGTAGCGCGT	3.619	1	3	1	SNP that moderately affects CTCF motif strength.	GM
chr13	91348918	91349284	chr13	91349018	91349037	+motif1361	91349023	G	C	0|1	ALT	1.984	0.0	1.984	.	AAACCGGTTGGGGGGGTTG	1.984	1	1	1	SNP that moderately affects CTCF motif strength.	GM
chr13	113393996	113394284	chr13	113394154	113394173	+motif1401	113394171	T	C	0|1	ALT	4.261	3.551	7.812	ACTCAGGCAGGAGGCGTCC	ACTCAGGCAGGAGGCGCCC	4.261	1	3	1	SNP that moderately affects CTCF motif strength.	GM
chr13	113393996	113394284	chr13	113394157	113394176	+motif1402	113394171	T	C	0|1	REF	0.274	0.274	0.0	CAGGCAGGAGGCGTCCGGC	.	0.274	0	3	1	SNP that moderately affects CTCF motif strength.	GM
chr13	113393996	113394284	chr13	113394260	113394279	+motif1403	113394277	A	G	0|1	ALT	2.462	6.902	9.364	GCGCACCGAGGGGGCGACA	GCGCACCGAGGGGGCGGCA	2.462	1	3	1	SNP that moderately affects CTCF motif strength.	GM
chr14	20970954	20971866	chr14	20971508	20971527	+motif1406	20971525	G	C	0|1	ALT	0.318	0.0	0.318	.	GAACCAGCAGAGAAACCGG	0.318	0	1	0	SNP with no meaningful effect on CTCF motif strength.	GM
chr14	22556999	22557483	chr14	22557037	22557056	+motif1413	22557038	T	A	0|1	REF	2.15	2.15	0.0	TGGTCTCAGGGAGCCGCAG	.	2.15	1	2	1	SNP that moderately affects CTCF motif strength.	GM
chr14	22556999	22557483	chr14	22557309	22557328	-motif1414	22557320	C	G	0|1	REF	0.65	0.65	0.0	CATCCCCCCCCAAAGGAGA	.	0.65	0	2	1	SNP that moderately affects CTCF motif strength.	GM
chr14	24058435	24058495	chr14	24058450	24058469	+motif1416	24058463	A	G	1|0	REF	6.77	13.501	20.271	TTTCCACCAGAGAGCAGGA	TTTCCACCAGAGGGCAGGA	6.77	2	1	2	SNP that strongly alters CTCF motif strength.	GM
chr14	64983853	64983921	chr14	64983898	64983917	-motif1456	64983912	T	G	1|0	ALT	5.281	14.927	9.645	AAGCGACCTCTAGTGGTTC	AAGCGACCTCTAGGGGTTC	5.281	2	2	2	SNP that strongly alters CTCF motif strength.	GM
chr14	64983853	64983921	chr14	64983901	64983920	+motif1457	64983912	T	G	1|0	REF	4.615	0.0	4.615	.	CGACCTCTAGGGGTTCATT	4.615	1	2	2	SNP that strongly alters CTCF motif strength.	GM
chr14	71166623	71166723	chr14	71166652	71166671	+motif1468	71166664	A	G	1|0	REF	3.78	0.376	4.156	CTGCACATAGGAGGCATTA	CTGCACATAGGGGGCATTA	3.78	1	1	1	SNP that moderately affects CTCF motif strength.	GM
chr14	92686971	92687129	chr14	92687057	92687076	+motif1499	92687067	G	A	0|1	REF	8.053	24.473	16.419	CGGCCACAAGGGGGCAGCC	CGGCCACAAAGGGGCAGCC	8.053	2	1	2	SNP that strongly alters CTCF motif strength.	GM
chr14	94689659	94689701	chr14	94689665	94689684	+motif1510	94689667	T	C	1|0	REF	0.19	19.026	19.216	CTGCCACGAGGCGGCGCCA	CCGCCACGAGGCGGCGCCA	0.19	0	1	0	SNP with no meaningful effect on CTCF motif strength.	GM
chr14	106592408	106592622	chr14	106592504	106592523	+motif1565	106592521	G	A	0|1	REF	2.462	6.354	3.893	CCGTCAGAAGAAGACAGAG	CCGTCAGAAGAAGACAAAG	2.462	1	1	1	SNP that moderately affects CTCF motif strength.	GM
chr14	106694861	106695070	chr14	106694871	106694890	-motif1566	106694888	T	A	1|0	ALT	1.068	15.775	14.707	AAGAGCCCCCTGGTGGTTC	AAGAGCCCCCTGGTGGATC	1.068	1	2	1	SNP that moderately affects CTCF motif strength.	GM
chr14	106694861	106695070	chr14	106694873	106694892	+motif1567	106694888	T	A	1|0	REF	0.634	4.023	4.658	GAGCCCCCTGGTGGTTCCG	GAGCCCCCTGGTGGATCCG	0.634	0	2	1	SNP that moderately affects CTCF motif strength.	GM
chr15	34969749	34969931	chr15	34969879	34969898	-motif1595	34969886	T	C	1|0	REF	6.77	4.902	11.672	ACACGCTCTCTAGCGGGCG	ACACGCCCTCTAGCGGGCG	6.77	2	3	2	SNP that strongly alters CTCF motif strength.	GM
chr15	34969749	34969931	chr15	34969882	34969901	+motif1596	34969886	T	C	1|0	REF	5.031	8.852	13.883	CGCTCTCTAGCGGGCGGCA	CGCCCTCTAGCGGGCGGCA	5.031	2	3	2	SNP that strongly alters CTCF motif strength.	GM
chr15	34969749	34969931	chr15	34969885	34969904	+motif1597	34969886	T	C	1|0	ALT	0.1	2.267	2.167	TCTCTAGCGGGCGGCAGAG	CCTCTAGCGGGCGGCAGAG	0.1	0	3	2	SNP that strongly alters CTCF motif strength.	GM
chr15	77910591	77911021	chr15	77910675	77910694	+motif1670	77910691	G	T	0|1	REF	3.665	3.665	0.0	GGAACGGAAGATGCCGGGG	.	3.665	1	2	1	SNP that moderately affects CTCF motif strength.	GM
chr15	77910591	77911021	chr15	77910706	77910725	-motif1671	77910717,77910724	T,A	C,G	0|1,1|0	REF	3.985	11.663	7.678	CAGTGCCCTTTGGTGCCAG	CAGTGCCCTTCGGTGCCGG	3.985	1	2	1	SNP that moderately affects CTCF motif strength.	GM
chr15	84570769	84571291	chr15	84571199	84571218	+motif1694	84571216	T	C	1|0	REF	0.207	0.0	0.207	.	GAAGCTCCAGGCTGCACAA	0.207	0	2	1	SNP that moderately affects CTCF motif strength.	GM
chr15	84570769	84571291	chr15	84571213	84571232	-motif1695	84571216	T	C	1|0	REF	2.462	3.054	5.516	CATAACCACCAACTGGTGT	CACAACCACCAACTGGTGT	2.462	1	2	1	SNP that moderately affects CTCF motif strength.	GM
chr16	9050583	9050679	chr16	9050604	9050623	+motif1792	9050621	C	T	0|1	REF	1.508	1.508	0.0	CCCCCAGGTGGAGAAGCGG	.	1.508	1	1	1	SNP that moderately affects CTCF motif strength.	GM
chr16	9160284	9160350	chr16	9160291	9160310	+motif1793	9160304	G	A	0|1	REF	6.77	25.113	18.343	CAGCCAGCAGGGGGCAGCA	CAGCCAGCAGGGAGCAGCA	6.77	2	2	2	SNP that strongly alters CTCF motif strength.	GM
chr16	9160284	9160350	chr16	9160301	9160320	+motif1794	9160304	G	A	0|1	REF	1.234	6.56	5.326	GGGGCAGCAGGGGATCGCC	GGAGCAGCAGGGGATCGCC	1.234	1	2	2	SNP that strongly alters CTCF motif strength.	GM
chr16	10256830	10257260	chr16	10256979	10256998	+motif1797	10256998	C	G	0|1	ALT	0.555	6.458	7.013	CCACCAGGAGGCGCCAGAC	CCACCAGGAGGCGCCAGAG	0.555	0	2	2	SNP that strongly alters CTCF motif strength.	GM
chr16	10256830	10257260	chr16	10256986	10257005	+motif1798	10256998	C	G	0|1	ALT	5.101	0.0	5.101	.	GAGGCGCCAGAGGTCAAGC	5.101	2	2	2	SNP that strongly alters CTCF motif strength.	GM
chr16	15550965	15551153	chr16	15550973	15550992	+motif1816	15550978	G	A	0|1	ALT	0.299	0.0	0.299	.	TTTGAGGGAGAGGACGCCA	0.299	0	1	0	SNP with no meaningful effect on CTCF motif strength.	GM
chr16	31159818	31159896	chr16	31159835	31159854	-motif1847	31159853	C	T	0|1	REF	1.867	2.487	0.62	GACATCCCCTTGGTGCTCC	GACATCCCCTTGGTGCTTC	1.867	1	3	1	SNP that moderately affects CTCF motif strength.	GM
chr16	31159818	31159896	chr16	31159845	31159864	-motif1848	31159853	C	T	0|1	REF	0.069	0.069	0.0	TGGTGCTCCCTCTCGTGGC	.	0.069	0	3	1	SNP that moderately affects CTCF motif strength.	GM
chr16	31159818	31159896	chr16	31159847	31159866	-motif1849	31159853	C	T	0|1	REF	4.348	17.209	12.861	GTGCTCCCTCTCGTGGCAA	GTGCTTCCTCTCGTGGCAA	4.348	1	3	1	SNP that moderately affects CTCF motif strength.	GM
chr16	51762204	51762340	chr16	51762296	51762315	-motif1868	51762305	A	G	0|1	REF	1.027	5.632	4.605	GGCAGGCCACTCCTGGCCG	GGCAGGCCGCTCCTGGCCG	1.027	1	1	1	SNP that moderately affects CTCF motif strength.	GM
chr16	66751523	66752023	chr16	66751687	66751706	-motif1886	66751701	C	A	0|1	REF	0.072	6.598	6.526	CCGCGCCGCCCGCCGACCT	CCGCGCCGCCCGCAGACCT	0.072	0	1	0	SNP with no meaningful effect on CTCF motif strength.	GM
chr16	81205204	81205310	chr16	81205245	81205264	+motif1935	81205249	C	T	0|1	REF	5.031	22.483	17.452	TTGCCAGAAGGTGGCGCTC	TTGTCAGAAGGTGGCGCTC	5.031	2	1	2	SNP that strongly alters CTCF motif strength.	GM
chr16	84175411	84175471	chr16	84175436	84175455	-motif1947	84175443	T	C	1|0	REF	6.77	3.631	10.4	CTACTCTACCCAGAGGCCA	CTACTCCACCCAGAGGCCA	6.77	2	1	2	SNP that strongly alters CTCF motif strength.	GM
chr16	84970651	84970781	chr16	84970757	84970776	-motif1952	84970774	T	A	1|0	ALT	1.068	5.73	4.662	GTTTTCTCCCTGCAGGTTA	GTTTTCTCCCTGCAGGATA	1.068	1	1	1	SNP that moderately affects CTCF motif strength.	GM
chr16	85086863	85086905	chr16	85086885	85086904	-motif1956	85086894,85086904	T,G	C,A	1|0,1|0	REF	1.423	14.797	16.22	ACACGACCTCTGGTGGCCG	ACACGACCCCTGGTGGCCA	1.423	1	1	1	SNP that moderately affects CTCF motif strength.	GM
chr17	26603750	26604060	chr17	26603837	26603856	+motif2064	26603842	T	C	0|1	ALT	5.071	0.0	5.071	.	CATCCGCAAGGGGACATGT	5.071	2	1	2	SNP that strongly alters CTCF motif strength.	GM
chr17	27197481	27197899	chr17	27197704	27197723	-motif2065	27197707	A	G	0|1	ALT	1.802	0.0	1.802	.	CAGGGCCACCAGAGGGCTC	1.802	1	2	1	SNP that moderately affects CTCF motif strength.	GM
chr17	27197481	27197899	chr17	27197706	27197725	+motif2066	27197707	A	G	0|1	ALT	0.362	17.45	17.812	AGGCCACCAGAGGGCTCCT	GGGCCACCAGAGGGCTCCT	0.362	0	2	1	SNP that moderately affects CTCF motif strength.	GM
chr17	43766567	43766615	chr17	43766595	43766614	-motif2107	43766611	G	C	1|0	ALT	5.251	27.316	22.065	CAGCGCCACCTGCTGGCCA	CAGCGCCACCTGCTGCCCA	5.251	2	1	2	SNP that strongly alters CTCF motif strength.	GM
chr17	46253969	46254065	chr17	46254012	46254031	+motif2113	46254031	T	C	1|0	REF	0.015	0.0	0.015	.	CTGCTCCAAGGTGAAGGTC	0.015	0	1	0	SNP with no meaningful effect on CTCF motif strength.	GM
chr18	8696893	8696987	chr18	8696957	8696976	-motif2229	8696970	G	T	0|1	REF	4.28	5.07	0.791	CGCGGCTCTCTCGGGGCAG	CGCGGCTCTCTCTGGGCAG	4.28	1	1	1	SNP that moderately affects CTCF motif strength.	GM
chr18	10438003	10438087	chr18	10438020	10438039	-motif2233	10438027	G	C	0|1	ALT	3.976	0.0	3.976	.	GTAGTGCCTCTGGTGGCTG	3.976	1	1	1	SNP that moderately affects CTCF motif strength.	GM
chr18	12727196	12727306	chr18	12727209	12727228	+motif2250	12727225	G	A	0|1	REF	0.271	0.271	0.0	GCAGCACTAGGGAACGTGC	.	0.271	0	1	0	SNP with no meaningful effect on CTCF motif strength.	GM
chr18	52904030	52904076	chr18	52904039	52904058	+motif2281	52904042	G	C	1|0	ALT	3.196	4.535	1.339	AGGCAAGTGGCTGGCGCCC	AGCCAAGTGGCTGGCGCCC	3.196	1	1	1	SNP that moderately affects CTCF motif strength.	GM
chr19	605143	605947	chr19	605153	605172	-motif2335	605171	C	C	1|1	ALT	0.0	0.932	0.932	CTGCAGTTCCTGGTGCCCA	CTGCAGTTCCTGGTGCCCA	0.0	0	2	1	SNP that moderately affects CTCF motif strength.	GM
chr19	605143	605947	chr19	605887	605906	+motif2336	605899	A	G	1|0	REF	1.896	0.0	1.896	.	TTTACAGAGGGGGACCCAG	1.896	1	2	1	SNP that moderately affects CTCF motif strength.	GM
chr19	4352705	4352821	chr19	4352752	4352771	-motif2377	4352766	C	T	0|1	ALT	0.055	0.0	0.055	.	CTCTGCTCCCTCCTTCCCT	0.055	0	2	1	SNP that moderately affects CTCF motif strength.	GM
chr19	4352705	4352821	chr19	4352762	4352781	-motif2378	4352766	C	T	0|1	REF	1.004	19.697	18.693	TCCCTCCCTCTAGTGGTCA	TCCTTCCCTCTAGTGGTCA	1.004	1	2	1	SNP that moderately affects CTCF motif strength.	GM
chr19	6460102	6460692	chr19	6460195	6460214	-motif2386	6460203	C	T	0|1	REF	3.78	4.496	0.717	CACCTTCCCCGCTCGGCCG	CACCTTCTCCGCTCGGCCG	3.78	1	3	1	SNP that moderately affects CTCF motif strength.	GM
chr19	6460102	6460692	chr19	6460637	6460656	-motif2387	6460648	A	T	0|1	ALT	2.609	0.0	2.609	.	TCGATCCACCTTTAGGGGG	2.609	1	3	1	SNP that moderately affects CTCF motif strength.	GM
chr19	6460102	6460692	chr19	6460642	6460661	+motif2388	6460648	A	T	0|1	REF	3.031	12.222	9.19	CCACCATTAGGGGGAAGGG	CCACCTTTAGGGGGAAGGG	3.031	1	3	1	SNP that moderately affects CTCF motif strength.	GM
chr19	7799679	7799819	chr19	7799748	7799767	-motif2399	7799762	C	G	0|1	REF	2.322	13.844	11.523	ATGCGCCATCTGCCGGACT	ATGCGCCATCTGCGGGACT	2.322	1	1	1	SNP that moderately affects CTCF motif strength.	GM
chr19	12775597	12775693	chr19	12775659	12775678	-motif2420	12775664	G	A	0|1	REF	2.399	2.399	0.0	CCCCGCCATCTTGGATCCG	.	2.399	1	1	1	SNP that moderately affects CTCF motif strength.	GM
chr19	14472292	14472392	chr19	14472323	14472342	-motif2425	14472334	G	T	0|1	ALT	1.38	0.0	1.38	.	CCGCGCCCCCTTGTCTCCG	1.38	1	1	1	SNP that moderately affects CTCF motif strength.	GM
chr19	14888818	14889068	chr19	14888843	14888862	+motif2433	14888861	C	T	0|1	REF	0.259	10.645	10.386	AGGCCTCCGGATGGCTGCC	AGGCCTCCGGATGGCTGTC	0.259	0	2	0	SNP with no meaningful effect on CTCF motif strength.	GM
chr19	14888818	14889068	chr19	14889015	14889034	-motif2434	14889026	A	G	0|1	REF	0.153	1.388	1.235	TAGTGGCCCTATCTGGGCG	TAGTGGCCCTGTCTGGGCG	0.153	0	2	0	SNP with no meaningful effect on CTCF motif strength.	GM
chr19	39502939	39502977	chr19	39502939	39502958	+motif2490	39502951	C	G	0|1	ALT	2.613	0.0	2.613	.	GAGCCGCCTGCGGTCGGGA	2.613	1	1	1	SNP that moderately affects CTCF motif strength.	GM
chr19	40570654	40570992	chr19	40570825	40570844	+motif2496	40570843	G	C	1|0	REF	2.141	2.954	5.095	GGCCCTCCAGCAGGTGGGG	GGCCCTCCAGCAGGTGGCG	2.141	1	5	2	SNP that strongly alters CTCF motif strength.	GM
chr19	40570654	40570992	chr19	40570826	40570845	-motif2497	40570843	G	C	1|0	REF	3.196	3.583	6.779	GCCCTCCAGCAGGTGGGGG	GCCCTCCAGCAGGTGGCGG	3.196	1	5	2	SNP that strongly alters CTCF motif strength.	GM
chr19	40570654	40570992	chr19	40570828	40570847	+motif2498	40570843	G	C	1|0	REF	7.195	15.593	22.789	CCTCCAGCAGGTGGGGGTA	CCTCCAGCAGGTGGCGGTA	7.195	2	5	2	SNP that strongly alters CTCF motif strength.	GM
chr19	40570654	40570992	chr19	40570831	40570850	+motif2499	40570843	G	C	1|0	ALT	5.392	5.977	0.585	CCAGCAGGTGGGGGTAGTA	CCAGCAGGTGGCGGTAGTA	5.392	2	5	2	SNP that strongly alters CTCF motif strength.	GM
chr19	40570654	40570992	chr19	40570841	40570860	+motif2500	40570843	G	C	1|0	ALT	1.514	2.781	1.267	GGGGTAGTAGGTGGGGCCA	GCGGTAGTAGGTGGGGCCA	1.514	1	5	2	SNP that strongly alters CTCF motif strength.	GM
chr19	40909121	40909205	chr19	40909176	40909195	-motif2501	40909182	A	G	1|0	ALT	2.592	13.533	10.941	GGGAGACCCCTGCTGGTGT	GGGAGGCCCCTGCTGGTGT	2.592	1	1	1	SNP that moderately affects CTCF motif strength.	GM
chr19	42857288	42857522	chr19	42857405	42857424	+motif2506	42857412	A	G	1|0	REF	0.145	0.0	0.145	.	GGTTCCGCTGAGGGAGGTT	0.145	0	1	0	SNP with no meaningful effect on CTCF motif strength.	GM
chr19	42885020	42885140	chr19	42885048	42885067	+motif2507	42885051	C	T	1|0	REF	0.894	1.495	2.389	TTCCCAGATGCTGGCATTA	TTTCCAGATGCTGGCATTA	0.894	0	1	0	SNP with no meaningful effect on CTCF motif strength.	GM
chr19	44500415	44500747	chr19	44500673	44500692	+motif2523	44500683	G	C	0|1	REF	9.477	9.477	0.0	GGGGCCCGGGGGGGCGCCA	.	9.477	2	1	2	SNP that strongly alters CTCF motif strength.	GM
chr19	50252350	50252586	chr19	50252495	50252514	+motif2570	50252509	G	A	0|1	REF	4.348	20.303	15.955	TGGACACAAGGTGGCACCA	TGGACACAAGGTGACACCA	4.348	1	1	1	SNP that moderately affects CTCF motif strength.	GM
chr19	52748462	52748556	chr19	52748525	52748544	-motif2582	52748539	T	C	0|1	REF	2.959	6.667	3.708	ATACACCATCTGCTGGATT	ATACACCATCTGCCGGATT	2.959	1	1	1	SNP that moderately affects CTCF motif strength.	GM
chr20	7031401	7031459	chr20	7031425	7031444	+motif3090	7031431	A	C	1|0	ALT	5.281	17.449	12.168	CTGCCAACAGGGGTCACTC	CTGCCCACAGGGGTCACTC	5.281	2	1	2	SNP that strongly alters CTCF motif strength.	GM
chr20	13302763	13302857	chr20	13302812	13302831	-motif3099	13302815	C	A	0|1	REF	3.61	18.897	15.287	CACGGCCCTCTAGTGGCTG	CAAGGCCCTCTAGTGGCTG	3.61	1	1	1	SNP that moderately affects CTCF motif strength.	GM
chr20	21693421	21693630	chr20	21693510	21693529	-motif3116	21693526	A	G	1|0	REF	5.031	11.087	16.118	CAGCACCCCCTCCTGATTC	CAGCACCCCCTCCTGGTTC	5.031	2	2	2	SNP that strongly alters CTCF motif strength.	GM
chr20	21693421	21693630	chr20	21693513	21693532	-motif3117	21693526	A	G	1|0	REF	4.846	0.0	4.846	.	CACCCCCTCCTGGTTCCCA	4.846	1	2	2	SNP that strongly alters CTCF motif strength.	GM
chr20	25861636	25861758	chr20	25861683	25861702	-motif3124	25861690	G	A	0|1	ALT	3.943	0.0	3.943	.	TGGCCCACCCGACTGGCGC	3.943	1	1	1	SNP that moderately affects CTCF motif strength.	GM
chr20	25987171	25987681	chr20	25987271	25987290	+motif3128	25987287	G	C	0|1	REF	3.966	3.966	0.0	CTGCCAGGAGCGGAGGGCG	.	3.966	1	1	1	SNP that moderately affects CTCF motif strength.	GM
chr20	41956464	41956550	chr20	41956475	41956494	-motif3148	41956486	T	C	1|0	ALT	4.176	8.304	4.128	CCTTTCCACCTCTTGGTGG	CCTTTCCACCCCTTGGTGG	4.176	1	3	1	SNP that moderately affects CTCF motif strength.	GM
chr20	41956464	41956550	chr20	41956478	41956497	-motif3149	41956486	T	C	1|0	REF	3.78	5.033	8.812	TTCCACCTCTTGGTGGAGC	TTCCACCCCTTGGTGGAGC	3.78	1	3	1	SNP that moderately affects CTCF motif strength.	GM
chr20	41956464	41956550	chr20	41956480	41956499	+motif3150	41956486	T	C	1|0	ALT	2.25	12.444	10.195	CCACCTCTTGGTGGAGCCG	CCACCCCTTGGTGGAGCCG	2.25	1	3	1	SNP that moderately affects CTCF motif strength.	GM
chr20	47786593	47786721	chr20	47786665	47786684	+motif3167	47786667	C	G	1|0	REF	1.514	13.576	15.09	TCGACTCAAGGGGGTGCTG	TGGACTCAAGGGGGTGCTG	1.514	1	1	1	SNP that moderately affects CTCF motif strength.	GM
chr20	51326386	51326454	chr20	51326422	51326441	-motif3185	51326428,51326441	A,A	T,G	0|1,0|1	REF	0.442	24.088	23.646	CAGTGACCCCTGGTGGCCA	CAGTGTCCCCTGGTGGCCG	0.442	0	2	1	SNP that moderately affects CTCF motif strength.	GM
chr20	51326386	51326454	chr20	51326424	51326443	+motif3186	51326428,51326441	A,A	T,G	0|1,0|1	ALT	1.824	0.601	2.425	GTGACCCCTGGTGGCCATG	GTGTCCCCTGGTGGCCGTG	1.824	1	2	1	SNP that moderately affects CTCF motif strength.	GM
chr20	59525629	59525809	chr20	59525767	59525786	+motif3208	59525783	G	T	0|1	REF	5.456	10.476	5.02	TGTCCGGCCGAAGGCGCGG	TGTCCGGCCGAAGGCTCGG	5.456	2	1	2	SNP that strongly alters CTCF motif strength.	GM
chr20	63948552	63949590	chr20	63949274	63949293	+motif3224	63949289	G	C	1|0	REF	7.195	8.75	15.945	CGACCAGGCGAGGGGGGCC	CGACCAGGCGAGGGCGGCC	7.195	2	2	2	SNP that strongly alters CTCF motif strength.	GM
chr20	63948552	63949590	chr20	63949514	63949533	+motif3225	63949526	A	G	1|0	REF	3.78	6.23	10.01	GGGCCTGCAAGAGTCACCC	GGGCCTGCAAGGGTCACCC	3.78	1	2	2	SNP that strongly alters CTCF motif strength.	GM
chr21	37220854	37221646	chr21	37221290	37221309	+motif3247	37221308	C	T	0|1	REF	0.259	5.007	4.748	CGCCAGGGTGAGGGCGCCG	CGCCAGGGTGAGGGCGCTG	0.259	0	3	1	SNP that moderately affects CTCF motif strength.	GM
chr21	37220854	37221646	chr21	37221304	37221323	-motif3248	37221308	C	T	0|1	REF	1.004	6.262	5.258	CGCCGTCCTCCAGCGTATG	CGCTGTCCTCCAGCGTATG	1.004	1	3	1	SNP that moderately affects CTCF motif strength.	GM
chr21	37220854	37221646	chr21	37221307	37221326	+motif3249	37221308	C	T	0|1	ALT	0.1	0.433	0.533	CGTCCTCCAGCGTATGCTA	TGTCCTCCAGCGTATGCTA	0.1	0	3	1	SNP that moderately affects CTCF motif strength.	GM
chr21	42107947	42108109	chr21	42107957	42107976	-motif3259	42107962	A	G	1|0	REF	4.009	12.458	16.467	CTGCACCCTCGCCTGGCCA	CTGCGCCCTCGCCTGGCCA	4.009	1	1	1	SNP that moderately affects CTCF motif strength.	GM
chr21	42818401	42818459	chr21	42818418	42818437	-motif3268	42818427,42818436	T,G	C,G	1|0,1|1	REF	1.323	16.263	17.586	GTGGGCCCTCTGGTGGCGT	GTGGGCCCCCTGGTGGCGT	1.323	1	2	2	SNP that strongly alters CTCF motif strength.	GM
chr21	42818401	42818459	chr21	42818420	42818439	+motif3269	42818427,42818436	T,G	C,G	1|0,1|1	REF	6.142	2.85	8.992	GGGCCCTCTGGTGGCGTGA	GGGCCCCCTGGTGGCGTGA	6.142	2	2	2	SNP that strongly alters CTCF motif strength.	GM
chr21	46228859	46229137	chr21	46228939	46228958	+motif3308	46228958	A	G	0|1	REF	0.038	0.441	0.402	GTGACCCCGGGGTGTGCCA	GTGACCCCGGGGTGTGCCG	0.038	0	1	0	SNP with no meaningful effect on CTCF motif strength.	GM
chr22	20697631	20697747	chr22	20697691	20697710	+motif3326	20697695,20697699,20697706	C,T,C	A,C,A	0|1,0|1,0|1	REF	0.724	0.724	0.0	TGGCCTCTGAGATGCACTG	.	0.724	0	3	1	SNP that moderately affects CTCF motif strength.	GM
chr22	20697631	20697747	chr22	20697715	20697734	-motif3327	20697726	A	G	0|1	REF	0.153	19.949	19.796	GGGCGCCCTCAGGTGGCTG	GGGCGCCCTCGGGTGGCTG	0.153	0	3	1	SNP that moderately affects CTCF motif strength.	GM
chr22	20697631	20697747	chr22	20697717	20697736	+motif3328	20697726	A	G	0|1	REF	4.176	7.194	3.019	GCGCCCTCAGGTGGCTGCA	GCGCCCTCGGGTGGCTGCA	4.176	1	3	1	SNP that moderately affects CTCF motif strength.	GM
chr22	22810114	22810186	chr22	22810138	22810157	-motif3340	22810153	G	A	0|1	REF	0.381	0.381	0.0	CTTGTCCACCAGCAGGGGG	.	0.381	0	4	2	SNP that strongly alters CTCF motif strength.	GM
chr22	22810114	22810186	chr22	22810140	22810159	+motif3341	22810153	G	A	0|1	REF	6.77	7.909	1.14	TGTCCACCAGCAGGGGGCA	TGTCCACCAGCAAGGGGCA	6.77	2	4	2	SNP that strongly alters CTCF motif strength.	GM
chr22	22810114	22810186	chr22	22810141	22810160	-motif3342	22810153	G	A	0|1	REF	0.796	0.796	0.0	GTCCACCAGCAGGGGGCAG	.	0.796	0	4	2	SNP that strongly alters CTCF motif strength.	GM
chr22	22810114	22810186	chr22	22810143	22810162	+motif3343	22810153	G	A	0|1	REF	8.053	24.233	16.18	CCACCAGCAGGGGGCAGCA	CCACCAGCAAGGGGCAGCA	8.053	2	4	2	SNP that strongly alters CTCF motif strength.	GM
chr22	23315728	23315830	chr22	23315741	23315760	-motif3345	23315752	C	T	1|0	REF	4.176	0.727	4.903	TGTGGCCACCCGAGGGCGC	TGTGGCCACCTGAGGGCGC	4.176	1	3	1	SNP that moderately affects CTCF motif strength.	GM
chr22	23315728	23315830	chr22	23315743	23315762	+motif3346	23315752	C	T	1|0	REF	0.153	21.763	21.916	TGGCCACCCGAGGGCGCCC	TGGCCACCTGAGGGCGCCC	0.153	0	3	1	SNP that moderately affects CTCF motif strength.	GM
chr22	23315728	23315830	chr22	23315789	23315808	+motif3347	23315793	A	G	1|0	ALT	0.803	0.803	0.0	CTGACCCTGGGAGACAGGG	.	0.803	0	3	1	SNP that moderately affects CTCF motif strength.	GM
chr22	24259587	24259725	chr22	24259682	24259701	-motif3352	24259701	G	A	0|1	ALT	0.1	21.663	21.763	GGGCGCCCTCGGGTGGCCG	GGGCGCCCTCGGGTGGCCA	0.1	0	2	1	SNP that moderately affects CTCF motif strength.	GM
chr22	24259587	24259725	chr22	24259684	24259703	+motif3353	24259701	G	A	0|1	REF	2.462	3.189	0.727	GCGCCCTCGGGTGGCCGCA	GCGCCCTCGGGTGGCCACA	2.462	1	2	1	SNP that moderately affects CTCF motif strength.	GM
chr22	26672694	26672974	chr22	26672731	26672750	+motif3358	26672739	C	A	0|1	REF	2.574	3.236	0.662	CCCACACCGGAAGTCAGAA	CCCACACAGGAAGTCAGAA	2.574	1	1	1	SNP that moderately affects CTCF motif strength.	GM
chr22	26756771	26756833	chr22	26756798	26756817	-motif3359	26756812	G	T	1|0	REF	3.121	0.0	3.121	.	AGGTGTCGCCCTCTGCCCG	3.121	1	1	1	SNP that moderately affects CTCF motif strength.	GM
chr22	35043418	35043492	chr22	35043441	35043460	+motif3376	35043458	C	A	0|1	REF	3.113	13.021	9.909	CCTCCACAAGGGGTCCCCC	CCTCCACAAGGGGTCCACC	3.113	1	1	1	SNP that moderately affects CTCF motif strength.	GM
chr22	37283511	37283720	chr22	37283533	37283552	-motif3388	37283545	C	C	1|1	ALT	0.0	5.603	5.603	TGGCCCCGCCCCCTGGGCA	TGGCCCCGCCCCCTGGGCA	0.0	0	4	1	SNP that moderately affects CTCF motif strength.	GM
chr22	37283511	37283720	chr22	37283624	37283643	-motif3389	37283630	T	C	1|0	REF	0.79	0.0	0.79	.	ACAGCCCCCCCAGTGGCAG	0.79	0	4	1	SNP that moderately affects CTCF motif strength.	GM
chr22	37283511	37283720	chr22	37283625	37283644	-motif3390	37283630	T	C	1|0	ALT	1.533	1.533	0.0	CAGCTCCCCCAGTGGCAGA	.	1.533	1	4	1	SNP that moderately affects CTCF motif strength.	GM
chr22	37283511	37283720	chr22	37283655	37283674	+motif3391	37283665,37283666	G,A	T,T	0|1,0|1	REF	2.206	2.206	0.0	AGGCCAAGGGAGGAAAACA	.	2.206	1	4	1	SNP that moderately affects CTCF motif strength.	GM
chr22	49923501	49923710	chr22	49923526	49923545	+motif3453	49923539	C	T	0|1	ALT	7.255	0.0	7.255	.	CTCCCTGGAGAGTGCACCC	7.255	2	2	2	SNP that strongly alters CTCF motif strength.	GM
chr22	49923501	49923710	chr22	49923535	49923554	-motif3454	49923539	C	T	0|1	REF	1.004	15.743	14.739	GAGCGCACCCTGCTGGTGC	GAGTGCACCCTGCTGGTGC	1.004	1	2	2	SNP that strongly alters CTCF motif strength.	GM
chrX	12771562	12771702	chrX	12771640	12771659	-motif5516	12771658	A	G	1|0	REF	0.19	21.25	21.44	CTGCGCCCTCTGCTGGAAG	CTGCGCCCTCTGCTGGAGG	0.19	0	1	0	SNP with no meaningful effect on CTCF motif strength.	GM
chrX	101803603	101803695	chrX	101803641	101803660	-motif5557	101803644	A	G	0|1	ALT	4.261	10.042	14.302	CAATGCCATCTGTTGACCC	CAGTGCCATCTGTTGACCC	4.261	1	1	1	SNP that moderately affects CTCF motif strength.	GM
chrX	121000719	121000811	chrX	121000790	121000809	+motif5566	121000808	G	C	0|1	ALT	0.325	0.0	0.325	.	TTACCTATATGGGTTACCG	0.325	0	1	0	SNP with no meaningful effect on CTCF motif strength.	GM
chrX	129726512	129726594	chrX	129726549	129726568	-motif5567	129726568	G	A	1|0	REF	0.1	19.396	19.496	TGCTGCCCTCTGCTGTCTG	TGCTGCCCTCTGCTGTCTA	0.1	0	1	0	SNP with no meaningful effect on CTCF motif strength.	GM
