CHR	POS1	POS2	motif_chr	motif_start	motif_end	motif_id	snp_pos	ref	alt	phase	better_strand	delta_score	h1_score	h2_score	ref_seq	alt_seq	abs_delta	motif_effect	n_motif_snps	strongest_effect	anchor_summary	GENOME_x	variant_id	DIFF_LOG2_data1	DIFF_LOG2_data2	transcription_factor_data1	haplotype1_data1	haplotype2_data1	HMAX_data1	transcription_factor_data2	haplotype1_data2	haplotype2_data2	HMAX_data2	LENGTH	Unnamed: 0	btwn_lines	GENOME_y	prediction_quality	ref_more_reads
chr1	222465457	222465619	chr1	222465532	222465551	+motif387	222465547	C	C	1|1	ALT	0.0	3.829	3.829	GCCTCACCGGAGGCCAGCG	GCCTCACCGGAGGCCAGCG	0.0	0	1	0	SNP with no meaningful effect on CTCF motif strength.	GM	chr1_222465457_222465619	-1.07	-0.097	CTCF_ENCSR000AKB	21.0	10.0	21	CTCF	14798.07	15826.0	15826.0	162	33	1	GM12878	good	2
chr1	222465457	222465619	chr1	222465532	222465551	+motif387	222465547	C	C	1|1	ALT	0.0	3.829	3.829	GCCTCACCGGAGGCCAGCG	GCCTCACCGGAGGCCAGCG	0.0	0	1	0	SNP with no meaningful effect on CTCF motif strength.	GM	chr1_222465457_222465619	-1.07	-0.097	CTCF_ENCSR000AKB	21.0	10.0	21	CTCF	14798.07	15826.0	15826.0	162	33	0	GM12878	bad	2
chr1	70528863	70528993	chr1	70528897	70528916	+motif158	70528907,70528912	G,A	A,G	1|0,1|0	ALT	1.401	1.401	0.0	TGAGCACTGGGTGCAATCA	.	1.401	1	1	1	SNP that moderately affects CTCF motif strength.	GM	chr1_70528863_70528993	2.07	0.004	CTCF_ENCSR000DRZ	5.0	21.0	21	CTCF	7590.0	7567.001	7590.0	130	77	0	GM12878	bad	2
chr1	70528863	70528993	chr1	70528897	70528916	+motif158	70528907,70528912	G,A	A,G	1|0,1|0	ALT	1.401	1.401	0.0	TGAGCACTGGGTGCAATCA	.	1.401	1	1	1	SNP that moderately affects CTCF motif strength.	GM	chr1_70528863_70528993	2.737	0.004	CTCF_ENCSR000DKV	3.0	20.0	20	CTCF	7590.0	7567.001	7590.0	130	112	0	GM12878	bad	2
chr2	113979627	113979899	chr2	113979836	113979855	+motif2839	113979838,113979840	T,C	C,A	1|0,1|0	ALT	4.203	7.549	3.346	CTGCCCCCTGGTGGCCGGA	CCGACCCCTGGTGGCCGGA	4.203	1	3	1	SNP that moderately affects CTCF motif strength.	GM	chr2_113979627_113979899	4.485	-0.057	CTCF_ENCSR000DRZ	5.0	112.0	112	CTCF	5580.037	5803.0	5803.0	272	483	0	GM12878	bad	2
chr2	113979627	113979899	chr2	113979837	113979856	+motif2840	113979838,113979840	T,C	C,A	1|0,1|0	REF	1.793	0.0	1.793	.	CGACCCCTGGTGGCCGGAG	1.793	1	3	1	SNP that moderately affects CTCF motif strength.	GM	chr2_113979627_113979899	3.907	-0.057	CTCF_ENCSR000DKV	6.0	90.0	90	CTCF	5580.037	5803.0	5803.0	272	658	0	GM12878	bad	2
chr2	113979627	113979899	chr2	113979836	113979855	+motif2839	113979838,113979840	T,C	C,A	1|0,1|0	ALT	4.203	7.549	3.346	CTGCCCCCTGGTGGCCGGA	CCGACCCCTGGTGGCCGGA	4.203	1	3	1	SNP that moderately affects CTCF motif strength.	GM	chr2_113979627_113979899	5.907	-0.057	CTCF_ENCSR000AKB	1.0	60.0	60	CTCF	5580.037	5803.0	5803.0	272	292	0	GM12878	bad	2
chr2	113979627	113979899	chr2	113979834	113979853	-motif2838	113979838,113979840	T,C	C,A	1|0,1|0	ALT	3.002	27.047	24.045	GGCTGCCCCCTGGTGGCCG	GGCCGACCCCTGGTGGCCG	3.002	1	3	1	SNP that moderately affects CTCF motif strength.	GM	chr2_113979627_113979899	4.485	-0.057	CTCF_ENCSR000DRZ	5.0	112.0	112	CTCF	5580.037	5803.0	5803.0	272	483	0	GM12878	bad	2
chr2	113979627	113979899	chr2	113979834	113979853	-motif2838	113979838,113979840	T,C	C,A	1|0,1|0	ALT	3.002	27.047	24.045	GGCTGCCCCCTGGTGGCCG	GGCCGACCCCTGGTGGCCG	3.002	1	3	1	SNP that moderately affects CTCF motif strength.	GM	chr2_113979627_113979899	3.907	-0.057	CTCF_ENCSR000DKV	6.0	90.0	90	CTCF	5580.037	5803.0	5803.0	272	658	0	GM12878	bad	2
chr2	113979627	113979899	chr2	113979834	113979853	-motif2838	113979838,113979840	T,C	C,A	1|0,1|0	ALT	3.002	27.047	24.045	GGCTGCCCCCTGGTGGCCG	GGCCGACCCCTGGTGGCCG	3.002	1	3	1	SNP that moderately affects CTCF motif strength.	GM	chr2_113979627_113979899	5.907	-0.057	CTCF_ENCSR000AKB	1.0	60.0	60	CTCF	5580.037	5803.0	5803.0	272	292	0	GM12878	bad	2
chr2	113979627	113979899	chr2	113979837	113979856	+motif2840	113979838,113979840	T,C	C,A	1|0,1|0	REF	1.793	0.0	1.793	.	CGACCCCTGGTGGCCGGAG	1.793	1	3	1	SNP that moderately affects CTCF motif strength.	GM	chr2_113979627_113979899	4.485	-0.057	CTCF_ENCSR000DRZ	5.0	112.0	112	CTCF	5580.037	5803.0	5803.0	272	483	0	GM12878	bad	2
chr2	113979627	113979899	chr2	113979837	113979856	+motif2840	113979838,113979840	T,C	C,A	1|0,1|0	REF	1.793	0.0	1.793	.	CGACCCCTGGTGGCCGGAG	1.793	1	3	1	SNP that moderately affects CTCF motif strength.	GM	chr2_113979627_113979899	5.907	-0.057	CTCF_ENCSR000AKB	1.0	60.0	60	CTCF	5580.037	5803.0	5803.0	272	292	0	GM12878	bad	2
chr2	113979627	113979899	chr2	113979836	113979855	+motif2839	113979838,113979840	T,C	C,A	1|0,1|0	ALT	4.203	7.549	3.346	CTGCCCCCTGGTGGCCGGA	CCGACCCCTGGTGGCCGGA	4.203	1	3	1	SNP that moderately affects CTCF motif strength.	GM	chr2_113979627_113979899	3.907	-0.057	CTCF_ENCSR000DKV	6.0	90.0	90	CTCF	5580.037	5803.0	5803.0	272	658	0	GM12878	bad	2
chr3	8623008	8623142	chr3	8623036	8623055	+motif3477	8623049,8623052	C,G	G,A	1|0,1|0	REF	3.662	0.0	3.662	.	GCAGCAGAAGGGGCTACTC	3.662	1	2	2	SNP that strongly alters CTCF motif strength.	GM	chr3_8623008_8623142	1.531	-0.023	CTCF_ENCSR000AKB	9.0	26.0	26	CTCF	11546.012	11735.0	11735.0	134	389	0	GM12878	bad	2
chr3	8623008	8623142	chr3	8623033	8623052	+motif3476	8623049,8623052	C,G	G,A	1|0,1|0	REF	5.324	0.819	6.143	GCAGCAGCAGAAGGGCCTG	GCAGCAGCAGAAGGGGCTA	5.324	2	2	2	SNP that strongly alters CTCF motif strength.	GM	chr3_8623008_8623142	1.531	-0.023	CTCF_ENCSR000AKB	9.0	26.0	26	CTCF	11546.012	11735.0	11735.0	134	389	0	GM12878	bad	2
chr5	151239370	151239472	chr5	151239422	151239441	-motif4238	151239432,151239441	T,G	C,A	1|0,0|1	REF	8.153	11.031	19.184	GGCCGCCCCTTCTTGGCGG	GGCCGCCCCCTCTTGGCGA	8.153	2	2	2	SNP that strongly alters CTCF motif strength.	GM	chr5_151239370_151239472	4.7	4.309	CTCF_ENCSR000DRZ	1.0	26.0	26	CTCF	12133.0	612.2	12133.0	102	710	1	GM12878	good	2
chr5	151239370	151239472	chr5	151239422	151239441	-motif4238	151239432,151239441	T,G	C,A	1|0,0|1	REF	8.153	11.031	19.184	GGCCGCCCCTTCTTGGCGG	GGCCGCCCCCTCTTGGCGA	8.153	2	2	2	SNP that strongly alters CTCF motif strength.	GM	chr5_151239370_151239472	3.7	4.309	CTCF_ENCSR000DKV	3.0	39.0	39	CTCF	12133.0	612.2	12133.0	102	1020	1	GM12878	good	2
chr6	29848202	29848282	chr6	29848251	29848270	-motif4389	29848257,29848264	A,A	C,G	1|0,1|0	REF	1.005	0.0	1.005	.	AGGTGCCTGCTGGGGCTGA	1.005	1	3	1	SNP that moderately affects CTCF motif strength.	GM	chr6_29848202_29848282	1.07	0.027	CTCF_ENCSR000DKV	20.0	42.0	42	CTCF	12862.0	12626.018	12862.0	80	1120	0	GM12878	bad	2
chr6	29848202	29848282	chr6	29848251	29848270	-motif4389	29848257,29848264	A,A	C,G	1|0,1|0	REF	1.005	0.0	1.005	.	AGGTGCCTGCTGGGGCTGA	1.005	1	3	1	SNP that moderately affects CTCF motif strength.	GM	chr6_29848202_29848282	1.585	0.027	CTCF_ENCSR000DRZ	8.0	24.0	24	CTCF	12862.0	12626.018	12862.0	80	765	0	GM12878	bad	2
chr6	29848202	29848282	chr6	29848253	29848272	+motif4390	29848257,29848264	A,A	C,G	1|0,1|0	REF	0.539	0.0	0.539	.	GTGCCTGCTGGGGCTGAGA	0.539	0	3	1	SNP that moderately affects CTCF motif strength.	GM	chr6_29848202_29848282	1.07	0.027	CTCF_ENCSR000DKV	20.0	42.0	42	CTCF	12862.0	12626.018	12862.0	80	1120	0	GM12878	bad	2
chr6	29848202	29848282	chr6	29848253	29848272	+motif4390	29848257,29848264	A,A	C,G	1|0,1|0	REF	0.539	0.0	0.539	.	GTGCCTGCTGGGGCTGAGA	0.539	0	3	1	SNP that moderately affects CTCF motif strength.	GM	chr6_29848202_29848282	1.585	0.027	CTCF_ENCSR000DRZ	8.0	24.0	24	CTCF	12862.0	12626.018	12862.0	80	765	0	GM12878	bad	2
chr7	32204500	32204626	chr7	32204543	32204562	-motif4764	32204548	A	A	1|1	ALT	0.0	5.615	5.615	TTACATCCTCTAGAGGAGA	TTACATCCTCTAGAGGAGA	0.0	0	2	0	SNP with no meaningful effect on CTCF motif strength.	GM	chr7_32204500_32204626	-1.064	0.046	CTCF_ENCSR000DKV	23.0	11.0	23	CTCF	8986.0	8701.032	8986.0	126	1217	0	GM12878	bad	2
chr7	32204500	32204626	chr7	32204546	32204565	+motif4765	32204548,32204564	A,G	A,A	1|1,0|1	ALT	0.123	4.419	4.542	CATCCTCTAGAGGAGAGGG	CATCCTCTAGAGGAGAGAG	0.123	0	2	0	SNP with no meaningful effect on CTCF motif strength.	GM	chr7_32204500_32204626	-1.064	0.046	CTCF_ENCSR000DKV	23.0	11.0	23	CTCF	8986.0	8701.032	8986.0	126	1217	0	GM12878	bad	2
chr9	105447879	105448087	chr9	105447912	105447931	+motif5410	105447915,105447931	T,C	G,A	1|0,1|0	REF	1.213	0.0	1.213	.	GAGGCACTAGCGGTAGACA	1.213	1	5	2	SNP that strongly alters CTCF motif strength.	GM	chr9_105447879_105448087	-1.624	-1.666	CTCF_ENCSR000DKV	37.0	12.0	37	CTCF	1914.684	6078.0	6078.0	208	1309	1	GM12878	good	2
chr9	132575170	132575250	chr9	132575217	132575236	-motif5470	132575228	C	C	1|1	ALT	0.0	20.623	20.623	CAGTGCCACCCGCTGGCGA	CAGTGCCACCCGCTGGCGA	0.0	0	3	0	SNP with no meaningful effect on CTCF motif strength.	GM	chr9_132575170_132575250	1.663	0.056	CTCF_ENCSR000DRZ	6.0	19.0	19	CTCF	10306.0	9914.039	10306.0	80	898	0	GM12878	bad	2
chr9	132575170	132575250	chr9	132575220	132575239	-motif5472	132575228	C	C	1|1	ALT	0.0	2.087	2.087	TGCCACCCGCTGGCGAGTC	TGCCACCCGCTGGCGAGTC	0.0	0	3	0	SNP with no meaningful effect on CTCF motif strength.	GM	chr9_132575170_132575250	1.663	0.056	CTCF_ENCSR000DRZ	6.0	19.0	19	CTCF	10306.0	9914.039	10306.0	80	898	0	GM12878	bad	2
chr9	132575170	132575250	chr9	132575219	132575238	+motif5471	132575228	C	C	1|1	ALT	0.0	3.237	3.237	GTGCCACCCGCTGGCGAGT	GTGCCACCCGCTGGCGAGT	0.0	0	3	0	SNP with no meaningful effect on CTCF motif strength.	GM	chr9_132575170_132575250	1.663	0.056	CTCF_ENCSR000DRZ	6.0	19.0	19	CTCF	10306.0	9914.039	10306.0	80	898	0	GM12878	bad	2
chr9	34664466	34664544	chr9	34664481	34664500	+motif5317	34664491	G	G	1|1	ALT	0.0	8.442	8.442	GGGGCGGCAGAGAGCAGTG	GGGGCGGCAGAGAGCAGTG	0.0	0	2	1	SNP that moderately affects CTCF motif strength.	GM	chr9_34664466_34664544	-1.087	0.005	CTCF_ENCSR000DRZ	34.0	16.0	34	CTCF	12324.0	12278.001	12324.0	78	912	0	GM12878	bad	2
chr9	96317460	96317590	chr9	96317547	96317566	+motif5386	96317556,96317557	C,G	T,A	0|1,0|1	REF	4.833	4.833	0.0	TGGCCACACGTGGAAGCAA	.	4.833	1	2	1	SNP that moderately affects CTCF motif strength.	GM	chr9_96317460_96317590	-2.874	-0.052	CTCF_ENCSR000DRZ	44.0	6.0	44	CTCF	10638.027	11030.0	11030.0	130	929	0	GM12878	bad	2
chr9	96317460	96317590	chr9	96317547	96317566	+motif5386	96317556,96317557	C,G	T,A	0|1,0|1	REF	4.833	4.833	0.0	TGGCCACACGTGGAAGCAA	.	4.833	1	2	1	SNP that moderately affects CTCF motif strength.	GM	chr9_96317460_96317590	-1.585	-0.052	CTCF_ENCSR000AKB	21.0	7.0	21	CTCF	10638.027	11030.0	11030.0	130	545	0	GM12878	bad	2
chr9	96317460	96317590	chr9	96317544	96317563	-motif5385	96317556,96317557	C,G	T,A	0|1,0|1	REF	1.769	1.769	0.0	TGCTGGCCACACGTGGAAG	.	1.769	1	2	1	SNP that moderately affects CTCF motif strength.	GM	chr9_96317460_96317590	-2.874	-0.052	CTCF_ENCSR000DRZ	44.0	6.0	44	CTCF	10638.027	11030.0	11030.0	130	929	0	GM12878	bad	2
chr9	96317460	96317590	chr9	96317544	96317563	-motif5385	96317556,96317557	C,G	T,A	0|1,0|1	REF	1.769	1.769	0.0	TGCTGGCCACACGTGGAAG	.	1.769	1	2	1	SNP that moderately affects CTCF motif strength.	GM	chr9_96317460_96317590	-2.624	-0.052	CTCF_ENCSR000DKV	37.0	6.0	37	CTCF	10638.027	11030.0	11030.0	130	1363	0	GM12878	bad	2
chr9	96317460	96317590	chr9	96317544	96317563	-motif5385	96317556,96317557	C,G	T,A	0|1,0|1	REF	1.769	1.769	0.0	TGCTGGCCACACGTGGAAG	.	1.769	1	2	1	SNP that moderately affects CTCF motif strength.	GM	chr9_96317460_96317590	-1.585	-0.052	CTCF_ENCSR000AKB	21.0	7.0	21	CTCF	10638.027	11030.0	11030.0	130	545	0	GM12878	bad	2
chr9	96317460	96317590	chr9	96317547	96317566	+motif5386	96317556,96317557	C,G	T,A	0|1,0|1	REF	4.833	4.833	0.0	TGGCCACACGTGGAAGCAA	.	4.833	1	2	1	SNP that moderately affects CTCF motif strength.	GM	chr9_96317460_96317590	-2.624	-0.052	CTCF_ENCSR000DKV	37.0	6.0	37	CTCF	10638.027	11030.0	11030.0	130	1363	0	GM12878	bad	2
chr10	30591321	30591421	chr10	30591380	30591399	+motif520	30591397,30591399	T,G	A,G	1|0,1|1	REF	1.148	1.594	2.742	TGCCATCTAGAGGCCATCG	TGCCATCTAGAGGCCAACG	1.148	1	2	1	SNP that moderately affects CTCF motif strength.	GM	chr10_30591321_30591421	1.28	0.0	CTCF_ENCSR000DKV	7.0	17.0	17	CTCF	9088.0	9085.003	9088.0	100	156	0	GM12878	bad	2
chr10	30591321	30591421	chr10	30591390	30591409	+motif521	30591397,30591399	T,G	A,G	1|0,1|1	REF	1.857	0.0	1.857	.	AGGCCAACGGGAGTAATTA	1.857	1	2	1	SNP that moderately affects CTCF motif strength.	GM	chr10_30591321_30591421	1.28	0.0	CTCF_ENCSR000DKV	7.0	17.0	17	CTCF	9088.0	9085.003	9088.0	100	156	0	GM12878	bad	2
chr10	42866813	42866901	chr10	42866834	42866853	+motif537	42866841,42866850	C,A	T,G	0|1,0|1	REF	5.138	22.192	17.054	TAGCCACGAGGTGGCACCG	TAGCCATGAGGTGGCGCCG	5.138	2	1	2	SNP that strongly alters CTCF motif strength.	GM	chr10_42866813_42866901	-2.939	-0.064	CTCF_ENCSR000DKV	23.0	3.0	23	CTCF	9846.042	10292.0	10292.0	88	164	0	GM12878	bad	2
chr10	42866813	42866901	chr10	42866834	42866853	+motif537	42866841,42866850	C,A	T,G	0|1,0|1	REF	5.138	22.192	17.054	TAGCCACGAGGTGGCACCG	TAGCCATGAGGTGGCGCCG	5.138	2	1	2	SNP that strongly alters CTCF motif strength.	GM	chr10_42866813_42866901	-2.248	-0.064	CTCF_ENCSR000DRZ	19.0	4.0	19	CTCF	9846.042	10292.0	10292.0	88	120	0	GM12878	bad	2
chr10	78303085	78303697	chr10	78303503	78303522	-motif608	78303517	C	C	1|1	ALT	0.0	2.033	2.033	GCGCGTCCTCCAGCGCGCT	GCGCGTCCTCCAGCGCGCT	0.0	0	1	0	SNP with no meaningful effect on CTCF motif strength.	GM	chr10_78303085_78303697	-1.737	0.093	CTCF_ENCSR000DKV	20.0	6.0	20	CTCF	2283.0	2140.062	2283.0	612	182	0	GM12878	bad	2
chr10	78303085	78303697	chr10	78303503	78303522	-motif608	78303517	C	C	1|1	ALT	0.0	2.033	2.033	GCGCGTCCTCCAGCGCGCT	GCGCGTCCTCCAGCGCGCT	0.0	0	1	0	SNP with no meaningful effect on CTCF motif strength.	GM	chr10_78303085_78303697	-2.202	0.093	CTCF_ENCSR000DRZ	23.0	5.0	23	CTCF	2283.0	2140.062	2283.0	612	132	0	GM12878	bad	2
chr11	116217183	116217247	chr11	116217194	116217213	+motif972	116217206,116217207	T,G	C,A	1|0,0|1	REF	11.041	18.327	7.287	CGCTCACCAGATGGCGCTG	CGCTCACCAGACAGCGCTG	11.041	2	1	2	SNP that strongly alters CTCF motif strength.	GM	chr11_116217183_116217247	-4.459	-4.854	CTCF_ENCSR000DKV	22.0	1.0	22	CTCF	351.466	10166.0	10166.0	64	207	1	GM12878	good	2
chr11	116217183	116217247	chr11	116217194	116217213	+motif972	116217206,116217207	T,G	C,A	1|0,0|1	REF	11.041	18.327	7.287	CGCTCACCAGATGGCGCTG	CGCTCACCAGACAGCGCTG	11.041	2	1	2	SNP that strongly alters CTCF motif strength.	GM	chr11_116217183_116217247	-4.459	-4.854	CTCF_ENCSR000DRZ	22.0	1.0	22	CTCF	351.466	10166.0	10166.0	64	148	1	GM12878	good	2
chr11	44538628	44538694	chr11	44538646	44538665	-motif855	44538651,44538665	G,C	A,C	1|0,1|1	ALT	0.721	0.721	0.0	CGACGCCTGCTGGAGATAC	.	0.721	0	3	1	SNP that moderately affects CTCF motif strength.	GM	chr11_44538628_44538694	1.862	0.003	CTCF_ENCSR000DKV	11.0	40.0	40	CTCF	12578.0	12547.995	12578.0	66	245	0	GM12878	bad	2
chr11	44538628	44538694	chr11	44538646	44538665	-motif855	44538651,44538665	G,C	A,C	1|0,1|1	ALT	0.721	0.721	0.0	CGACGCCTGCTGGAGATAC	.	0.721	0	3	1	SNP that moderately affects CTCF motif strength.	GM	chr11_44538628_44538694	1.637	0.003	CTCF_ENCSR000DRZ	9.0	28.0	28	CTCF	12578.0	12547.995	12578.0	66	172	0	GM12878	bad	2
chr12	121223451	121223991	chr12	121223880	121223899	+motif1240	121223885,121223897	C,G	T,G	0|1,1|1	REF	2.061	2.061	0.0	TGGGCGACAGAGTGAGGGA	.	2.061	1	4	1	SNP that moderately affects CTCF motif strength.	GM	chr12_121223451_121223991	-2.392	-0.05	CTCF_ENCSR000DKV	21.0	4.0	21	CTCF	378.284	391.5	391.5	540	276	0	GM12878	bad	2
chr12	121223451	121223991	chr12	121223880	121223899	+motif1240	121223885,121223897	C,G	T,G	0|1,1|1	REF	2.061	2.061	0.0	TGGGCGACAGAGTGAGGGA	.	2.061	1	4	1	SNP that moderately affects CTCF motif strength.	GM	chr12_121223451_121223991	-2.755	-0.05	CTCF_ENCSR000DRZ	27.0	4.0	27	CTCF	378.284	391.5	391.5	540	192	0	GM12878	bad	2
chr12	69357625	69357715	chr12	69357645	69357664	+motif1167	69357652,69357654	C,G	T,T	1|0,1|0	ALT	7.529	17.202	9.673	TAGCCACGGGAGGGCAGCA	TAGCCATGTGAGGGCAGCA	7.529	2	1	2	SNP that strongly alters CTCF motif strength.	GM	chr12_69357625_69357715	2.807	-0.084	CTCF_ENCSR000DRZ	4.0	28.0	28	CTCF	9637.051	10213.0	10213.0	90	218	0	GM12878	bad	2
chr12	69357625	69357715	chr12	69357645	69357664	+motif1167	69357652,69357654	C,G	T,T	1|0,1|0	ALT	7.529	17.202	9.673	TAGCCACGGGAGGGCAGCA	TAGCCATGTGAGGGCAGCA	7.529	2	1	2	SNP that strongly alters CTCF motif strength.	GM	chr12_69357625_69357715	1.737	-0.084	CTCF_ENCSR000DKV	9.0	30.0	30	CTCF	9637.051	10213.0	10213.0	90	317	0	GM12878	bad	2
chr12	949648	950054	chr12	949992	950011	+motif1023	950003	G	G	1|1	ALT	0.0	2.534	2.534	AGGCCTTCAGGGGCTAGTT	AGGCCTTCAGGGGCTAGTT	0.0	0	3	1	SNP that moderately affects CTCF motif strength.	GM	chr12_949648_950054	1.147	-0.001	CTCF_ENCSR000DRZ	14.0	31.0	31	CTCF	1750.0	1751.0	1751.0	406	226	0	GM12878	bad	2
chr13	26186149	26186873	chr13	26186424	26186443	+motif1300	26186427,26186434	G,A	C,G	1|0,1|0	REF	2.88	0.0	2.88	.	GACGCGCCGGGGGGCGTCT	2.88	1	3	1	SNP that moderately affects CTCF motif strength.	GM	chr13_26186149_26186873	1.152	0.064	CTCF_ENCSR000DKV	9.0	20.0	20	CTCF	1059.0	1013.043	1059.0	724	345	0	GM12878	bad	2
chr13	26186149	26186873	chr13	26186424	26186443	+motif1300	26186427,26186434	G,A	C,G	1|0,1|0	REF	2.88	0.0	2.88	.	GACGCGCCGGGGGGCGTCT	2.88	1	3	1	SNP that moderately affects CTCF motif strength.	GM	chr13_26186149_26186873	1.907	0.064	CTCF_ENCSR000DRZ	8.0	30.0	30	CTCF	1059.0	1013.043	1059.0	724	236	0	GM12878	bad	2
chr15	77910591	77911021	chr15	77910706	77910725	-motif1671	77910717,77910724	T,A	C,G	0|1,1|0	REF	3.985	11.663	7.678	CAGTGCCCTTTGGTGCCAG	CAGTGCCCTTCGGTGCCGG	3.985	1	2	1	SNP that moderately affects CTCF motif strength.	GM	chr15_77910591_77911021	-1.7	-0.02	CTCF_ENCSR000DRZ	39.0	12.0	39	CTCF	13696.008	13888.0	13888.0	430	309	0	GM12878	bad	2
chr15	77910591	77911021	chr15	77910706	77910725	-motif1671	77910717,77910724	T,A	C,G	0|1,1|0	REF	3.985	11.663	7.678	CAGTGCCCTTTGGTGCCAG	CAGTGCCCTTCGGTGCCGG	3.985	1	2	1	SNP that moderately affects CTCF motif strength.	GM	chr15_77910591_77911021	-1.619	-0.02	CTCF_ENCSR000DKV	43.0	14.0	43	CTCF	13696.008	13888.0	13888.0	430	440	0	GM12878	bad	2
chr15	77910591	77911021	chr15	77910706	77910725	-motif1671	77910717,77910724	T,A	C,G	0|1,1|0	REF	3.985	11.663	7.678	CAGTGCCCTTTGGTGCCAG	CAGTGCCCTTCGGTGCCGG	3.985	1	2	1	SNP that moderately affects CTCF motif strength.	GM	chr15_77910591_77911021	-1.322	-0.02	CTCF_ENCSR000AKB	40.0	16.0	40	CTCF	13696.008	13888.0	13888.0	430	177	0	GM12878	bad	2
chr16	85086863	85086905	chr16	85086885	85086904	-motif1956	85086894,85086904	T,G	C,A	1|0,1|0	REF	1.423	14.797	16.22	ACACGACCTCTGGTGGCCG	ACACGACCCCTGGTGGCCA	1.423	1	1	1	SNP that moderately affects CTCF motif strength.	GM	chr16_85086863_85086905	1.515	0.624	CTCF_ENCSR000DRZ	14.0	40.0	40	CTCF	11728.0	7609.354	11728.0	42	357	1	GM12878	good	2
chr16	85086863	85086905	chr16	85086885	85086904	-motif1956	85086894,85086904	T,G	C,A	1|0,1|0	REF	1.423	14.797	16.22	ACACGACCTCTGGTGGCCG	ACACGACCCCTGGTGGCCA	1.423	1	1	1	SNP that moderately affects CTCF motif strength.	GM	chr16_85086863_85086905	1.107	0.624	CTCF_ENCSR000AKB	13.0	28.0	28	CTCF	11728.0	7609.354	11728.0	42	209	1	GM12878	good	2
chr19	605143	605947	chr19	605153	605172	-motif2335	605171	C	C	1|1	ALT	0.0	0.932	0.932	CTGCAGTTCCTGGTGCCCA	CTGCAGTTCCTGGTGCCCA	0.0	0	2	1	SNP that moderately affects CTCF motif strength.	GM	chr19_605143_605947	3.222	-0.025	CTCF_ENCSR000DRZ	3.0	28.0	28	CTCF	617.455	628.438	628.4375	804	472	0	GM12878	bad	2
chr19	605143	605947	chr19	605153	605172	-motif2335	605171	C	C	1|1	ALT	0.0	0.932	0.932	CTGCAGTTCCTGGTGCCCA	CTGCAGTTCCTGGTGCCCA	0.0	0	2	1	SNP that moderately affects CTCF motif strength.	GM	chr19_605143_605947	1.415	-0.025	CTCF_ENCSR000DKV	9.0	24.0	24	CTCF	617.455	628.438	628.4375	804	645	0	GM12878	bad	2
chr22	37283511	37283720	chr22	37283533	37283552	-motif3388	37283545	C	C	1|1	ALT	0.0	5.603	5.603	TGGCCCCGCCCCCTGGGCA	TGGCCCCGCCCCCTGGGCA	0.0	0	4	1	SNP that moderately affects CTCF motif strength.	GM	chr22_37283511_37283720	-2.087	-1.522	CTCF_ENCSR000AKB	17.0	4.0	17	CTCF	2165.153	6216.0	6216.0	209	364	1	GM12878	good	2
chr22	37283511	37283720	chr22	37283533	37283552	-motif3388	37283545	C	C	1|1	ALT	0.0	5.603	5.603	TGGCCCCGCCCCCTGGGCA	TGGCCCCGCCCCCTGGGCA	0.0	0	4	1	SNP that moderately affects CTCF motif strength.	GM	chr22_37283511_37283720	-1.628	-1.522	CTCF_ENCSR000DKV	34.0	11.0	34	CTCF	2165.153	6216.0	6216.0	209	846	1	GM12878	good	2
chr22	37283511	37283720	chr22	37283655	37283674	+motif3391	37283665,37283666	G,A	T,T	0|1,0|1	REF	2.206	2.206	0.0	AGGCCAAGGGAGGAAAACA	.	2.206	1	4	1	SNP that moderately affects CTCF motif strength.	GM	chr22_37283511_37283720	-1.628	-1.522	CTCF_ENCSR000DKV	34.0	11.0	34	CTCF	2165.153	6216.0	6216.0	209	846	1	GM12878	good	2
chr22	37283511	37283720	chr22	37283655	37283674	+motif3391	37283665,37283666	G,A	T,T	0|1,0|1	REF	2.206	2.206	0.0	AGGCCAAGGGAGGAAAACA	.	2.206	1	4	1	SNP that moderately affects CTCF motif strength.	GM	chr22_37283511_37283720	-2.087	-1.522	CTCF_ENCSR000AKB	17.0	4.0	17	CTCF	2165.153	6216.0	6216.0	209	364	1	GM12878	good	2
