variant_id	DIFF_LOG2_data1	DIFF_LOG2_data2	CHR	POS1	POS2	transcription_factor_data1	haplotype1_data1	haplotype2_data1	HMAX_data1	transcription_factor_data2	haplotype1_data2	haplotype2_data2	HMAX_data2	LENGTH	Unnamed: 0	btwn_lines	GENOME_x	along-x	motif_chr	motif_start	motif_end	motif_id	snp_pos	ref	alt	genotype	variant_type	ref_score	alt_score	delta_score	ref_seq	alt_seq	abs_delta	motif_effect	n_motif_snps	strongest_effect	anchor_summary	GENOME_y
chr1_153617749_153617807	-4.7	-4.948	chr1	153617749	153617807	CTCF_ENCSR000DRZ	26.0	1.0	26	CTCF	290.718	8975.0	8975.0	58	20	1	GM12878	0	chr1	153617768	153617787	-motif252	153617778	C	A	0|1	REF	2.556	2.556	0.0	CCCCTGCTCCCTCTGGTGG	.	0.0	0	3	2	SNP that strongly alters CTCF motif strength.	GM
chr1_153617749_153617807	-4.7	-4.948	chr1	153617749	153617807	CTCF_ENCSR000DRZ	26.0	1.0	26	CTCF	290.718	8975.0	8975.0	58	20	1	GM12878	0	chr1	153617771	153617790	-motif253	153617778	C	A	0|1	REF	7.354	19.795	12.44	CTGCTCCCTCTGGTGGTGG	CTGCTCACTCTGGTGGTGG	12.44	2	3	2	SNP that strongly alters CTCF motif strength.	GM
chr1_153617749_153617807	-4.7	-4.948	chr1	153617749	153617807	CTCF_ENCSR000DRZ	26.0	1.0	26	CTCF	290.718	8975.0	8975.0	58	20	1	GM12878	0	chr1	153617773	153617792	+motif254	153617778	C	A	0|1	REF	0.183	0.183	0.0	GCTCCCTCTGGTGGTGGCC	.	0.0	0	3	2	SNP that strongly alters CTCF motif strength.	GM
chr1_182069091_182069300	-4.858	-5.167	chr1	182069091	182069300	CTCF_ENCSR000DRZ	29.0	1.0	29	CTCF	232.972	8371.0	8371.0	209	38	1	GM12878	0	chr1	182069127	182069146	-motif317	182069133	C	T	0|1	REF	4.348	5.364	1.016	TGGCTCCCCCTTTGGCTCC	TGGCTTCCCCTTTGGCTCC	1.016	1	1	1	SNP that moderately affects CTCF motif strength.	GM
chr1_211649168_211649222	-4.322	-4.882	chr1	211649168	211649222	CTCF_ENCSR000DRZ	20.0	1.0	20	CTCF	206.466	6086.25	6086.25	54	49	1	GM12878	0	chr1	211649185	211649204	-motif369	211649200	G	C	0|1	REF	0.986	0.986	0.0	CCCTCCTCTCTACTGCCCT	.	0.0	0	2	2	SNP that strongly alters CTCF motif strength.	GM
chr1_211649168_211649222	-4.322	-4.882	chr1	211649168	211649222	CTCF_ENCSR000DRZ	20.0	1.0	20	CTCF	206.466	6086.25	6086.25	54	49	1	GM12878	0	chr1	211649195	211649214	-motif370	211649200	G	C	0|1	REF	7.195	13.247	6.052	TACTGCCCTCCACTGGGTC	TACTCCCCTCCACTGGGTC	6.052	2	2	2	SNP that strongly alters CTCF motif strength.	GM
chr1_30782988_30783126	3.273	2.603	chr1	30782988	30783126	CTCF_ENCSR000DRZ	3.0	29.0	29	CTCF	11376.0	1872.837	11376.0	138	68	1	GM12878	0	chr1	30783051	30783070	-motif79	30783058	T	C	0|1	ALT	6.77	7.108	13.878	CTGCTCTCCCTGGAGCCAG	CTGCTCCCCCTGGAGCCAG	13.878	2	1	2	SNP that strongly alters CTCF motif strength.	GM
chr1_89085945_89086065	3.524	4.328	chr1	89085945	89086065	CTCF_ENCSR000DRZ	2.0	23.0	23	CTCF	9518.0	473.95	9518.0	120	82	1	GM12878	0	chr1	89085973	89085992	+motif189	89085986	C	G	1|0	REF	18.747	1.28	20.027	TCACCACTAGAGCGAGGTG	TCACCACTAGAGGGAGGTG	20.027	2	2	2	SNP that strongly alters CTCF motif strength.	GM
chr1_89085945_89086065	3.524	4.328	chr1	89085945	89086065	CTCF_ENCSR000DRZ	2.0	23.0	23	CTCF	9518.0	473.95	9518.0	120	82	1	GM12878	0	chr1	89085976	89085995	+motif190	89085986	C	G	1|0	REF	1.678	0.0	1.678	.	CCACTAGAGGGAGGTGCTG	1.678	1	2	2	SNP that strongly alters CTCF motif strength.	GM
chr4_156378259_156378319	4.322	4.04	chr4	156378259	156378319	CTCF_ENCSR000DRZ	1.0	20.0	20	CTCF	4943.0	300.439	4943.0	60	669	1	GM12878	0	chr4	156378288	156378307	-motif3974	156378298	G	C	1|0	REF	11.171	0.0	11.171	.	TTCTGCCCCCTTGAGAAGG	11.171	2	1	2	SNP that strongly alters CTCF motif strength.	GM
chr5_120656016_120656046	3.17	2.458	chr5	120656016	120656046	CTCF_ENCSR000DRZ	2.0	18.0	18	CTCF	6454.0	1174.818	6454.0	30	701	1	GM12878	0	chr5	120656015	120656034	+motif4179	120656024	T	A	1|0	REF	5.563	16.999	22.562	TTGCCACCTGGTGGTGCCA	TTGCCACCAGGTGGTGCCA	22.562	2	2	2	SNP that strongly alters CTCF motif strength.	GM
chr5_120656016_120656046	3.17	2.458	chr5	120656016	120656046	CTCF_ENCSR000DRZ	2.0	18.0	18	CTCF	6454.0	1174.818	6454.0	30	701	1	GM12878	0	chr5	120656018	120656037	+motif4180	120656024	T	A	1|0	REF	0.53	0.0	0.53	.	CCACCAGGTGGTGCCAAAT	0.53	0	2	2	SNP that strongly alters CTCF motif strength.	GM
chr5_151239370_151239472	4.7	4.309	chr5	151239370	151239472	CTCF_ENCSR000DRZ	1.0	26.0	26	CTCF	12133.0	612.2	12133.0	102	710	1	GM12878	0	chr5	151239421	151239440	-motif4237	151239432	T	C	1|0	ALT	1.658	1.658	0.0	CGGCCGCCCCTTCTTGGCG	.	0.0	0	2	2	SNP that strongly alters CTCF motif strength.	GM
chr5_151239370_151239472	4.7	4.309	chr5	151239370	151239472	CTCF_ENCSR000DRZ	1.0	26.0	26	CTCF	12133.0	612.2	12133.0	102	710	1	GM12878	0	chr5	151239422	151239441	-motif4238	151239432,151239441	T,G	C,A	1|0,0|1	REF	8.153	11.031	19.184	GGCCGCCCCTTCTTGGCGG	GGCCGCCCCCTCTTGGCGA	19.184	2	2	2	SNP that strongly alters CTCF motif strength.	GM
chr5_152462226_152462684	-4.0	-3.719	chr5	152462226	152462684	CTCF_ENCSR000DRZ	16.0	1.0	16	CTCF	311.924	4108.5	4108.5	458	713	1	GM12878	0	chr5	152462330	152462349	-motif4242	152462337	C	T	1|0	ALT	6.77	15.503	8.733	CATCTCCCTCTAGTGGGGG	CATCTCTCTCTAGTGGGGG	8.733	2	3	2	SNP that strongly alters CTCF motif strength.	GM
chr5_152462226_152462684	-4.0	-3.719	chr5	152462226	152462684	CTCF_ENCSR000DRZ	16.0	1.0	16	CTCF	311.924	4108.5	4108.5	458	713	1	GM12878	0	chr5	152462333	152462352	+motif4243	152462337	C	T	1|0	ALT	4.644	4.644	0.0	CTCCCTCTAGTGGGGGCAA	.	0.0	0	3	2	SNP that strongly alters CTCF motif strength.	GM
chr5_152462226_152462684	-4.0	-3.719	chr5	152462226	152462684	CTCF_ENCSR000DRZ	16.0	1.0	16	CTCF	311.924	4108.5	4108.5	458	713	1	GM12878	0	chr5	152462660	152462679	+motif4244	152462676	C	T	0|1	REF	0.102	0.102	0.0	ACCCCACTCTGTGGCCCTG	.	0.0	0	3	2	SNP that strongly alters CTCF motif strength.	GM
chr7_23545053_23545173	-4.459	-3.771	chr7	23545053	23545173	CTCF_ENCSR000DRZ	22.0	1.0	22	CTCF	484.427	6613.0	6613.0	120	817	1	GM12878	0	chr7	23545073	23545092	-motif4744	23545083	C	T	0|1	REF	8.053	14.994	6.941	TACTGACATCTAGTGGGTA	TACTGACATTTAGTGGGTA	6.941	2	2	2	SNP that strongly alters CTCF motif strength.	GM
chr7_23545053_23545173	-4.459	-3.771	chr7	23545053	23545173	CTCF_ENCSR000DRZ	22.0	1.0	22	CTCF	484.427	6613.0	6613.0	120	817	1	GM12878	0	chr7	23545076	23545095	+motif4745	23545083	C	T	0|1	REF	2.528	2.528	0.0	TGACATCTAGTGGGTAGAG	.	0.0	0	2	2	SNP that strongly alters CTCF motif strength.	GM
chr9_92729406_92729618	3.807	3.264	chr9	92729406	92729618	CTCF_ENCSR000DRZ	2.0	28.0	28	CTCF	5387.0	560.896	5387.0	212	927	1	GM12878	0	chr9	92729549	92729568	+motif5367	92729568	G	A	1|0	REF	0.038	4.655	4.694	CAGCAGCTGGGGGCCGGCG	CAGCAGCTGGGGGCCGGCA	4.694	1	3	2	SNP that strongly alters CTCF motif strength.	GM
chr9_92729406_92729618	3.807	3.264	chr9	92729406	92729618	CTCF_ENCSR000DRZ	2.0	28.0	28	CTCF	5387.0	560.896	5387.0	212	927	1	GM12878	0	chr9	92729559	92729578	+motif5368	92729568	G	A	1|0	REF	4.176	14.013	18.188	GGGCCGGCGGAGGGAGCTC	GGGCCGGCAGAGGGAGCTC	18.188	2	3	2	SNP that strongly alters CTCF motif strength.	GM
chr9_92729406_92729618	3.807	3.264	chr9	92729406	92729618	CTCF_ENCSR000DRZ	2.0	28.0	28	CTCF	5387.0	560.896	5387.0	212	927	1	GM12878	0	chr9	92729599	92729618	+motif5369	92729617	A	G	1|0	ALT	0.123	11.101	10.978	CCCACTCCAGATGGCACAC	CCCACTCCAGATGGCACGC	10.978	2	3	2	SNP that strongly alters CTCF motif strength.	GM
chr11_116217183_116217247	-4.459	-4.854	chr11	116217183	116217247	CTCF_ENCSR000DRZ	22.0	1.0	22	CTCF	351.466	10166.0	10166.0	64	148	1	GM12878	0	chr11	116217194	116217213	+motif972	116217206,116217207	T,G	C,A	1|0,0|1	REF	11.041	18.327	7.287	CGCTCACCAGATGGCGCTG	CGCTCACCAGACAGCGCTG	7.287	2	1	2	SNP that strongly alters CTCF motif strength.	GM
chr13_20489336_20489406	-4.17	-3.313	chr13	20489336	20489406	CTCF_ENCSR000DRZ	18.0	1.0	18	CTCF	1006.9	10008.0	10008.0	70	234	1	GM12878	0	chr13	20489380	20489399	-motif1282	20489385	G	A	1|0	ALT	4.009	16.047	12.038	TGGCGCCCTCTACTGCTTC	TGGCACCCTCTACTGCTTC	12.038	2	1	2	SNP that strongly alters CTCF motif strength.	GM
chr17_46253969_46254065	5.358	0.018	chr17	46253969	46254065	CTCF_ENCSR000DRZ	1.0	41.0	41	CTCF	8617.5	8513.01	8617.5	96	385	0	GM12878	1	chr17	46254012	46254031	+motif2113	46254031	T	C	1|0	REF	0.015	0.0	0.015	.	CTGCTCCAAGGTGAAGGTC	0.015	0	1	0	SNP with no meaningful effect on CTCF motif strength.	GM
chr18_10438003_10438087	3.248	3.771	chr18	10438003	10438087	CTCF_ENCSR000DRZ	2.0	19.0	19	CTCF	6166.0	451.677	6166.0	84	407	1	GM12878	0	chr18	10438020	10438039	-motif2233	10438027	G	C	0|1	ALT	3.976	0.0	3.976	.	GTAGTGCCTCTGGTGGCTG	3.976	1	1	1	SNP that moderately affects CTCF motif strength.	GM
