CHR	POS1	POS2	motif_chr	motif_start	motif_end	motif_id	snp_pos	ref	alt	genotype	variant_type	ref_score	alt_score	delta_score	ref_seq	alt_seq	abs_delta	motif_effect	n_motif_snps	strongest_effect	anchor_summary	GENOME
chr1	89085945	89086065	chr1	89085973	89085992	+motif189	89085986	C	G	1|0	REF	18.747	1.28	20.027	TCACCACTAGAGCGAGGTG	TCACCACTAGAGGGAGGTG	20.027	2	2	2	SNP that strongly alters CTCF motif strength.	GM
chr1	89085945	89086065	chr1	89085976	89085995	+motif190	89085986	C	G	1|0	REF	1.678	0.0	1.678	.	CCACTAGAGGGAGGTGCTG	1.678	1	2	2	SNP that strongly alters CTCF motif strength.	GM
chr5	151239370	151239472	chr5	151239421	151239440	-motif4237	151239432	T	C	1|0	ALT	1.658	1.658	0.0	CGGCCGCCCCTTCTTGGCG	.	0.0	0	2	2	SNP that strongly alters CTCF motif strength.	GM
chr5	151239370	151239472	chr5	151239422	151239441	-motif4238	151239432,151239441	T,G	C,A	1|0,0|1	REF	8.153	11.031	19.184	GGCCGCCCCTTCTTGGCGG	GGCCGCCCCCTCTTGGCGA	19.184	2	2	2	SNP that strongly alters CTCF motif strength.	GM
chr5	152462226	152462684	chr5	152462330	152462349	-motif4242	152462337	C	T	1|0	ALT	6.77	15.503	8.733	CATCTCCCTCTAGTGGGGG	CATCTCTCTCTAGTGGGGG	8.733	2	3	2	SNP that strongly alters CTCF motif strength.	GM
chr5	152462226	152462684	chr5	152462333	152462352	+motif4243	152462337	C	T	1|0	ALT	4.644	4.644	0.0	CTCCCTCTAGTGGGGGCAA	.	0.0	0	3	2	SNP that strongly alters CTCF motif strength.	GM
chr5	152462226	152462684	chr5	152462660	152462679	+motif4244	152462676	C	T	0|1	REF	0.102	0.102	0.0	ACCCCACTCTGTGGCCCTG	.	0.0	0	3	2	SNP that strongly alters CTCF motif strength.	GM
chr7	23545053	23545173	chr7	23545073	23545092	-motif4744	23545083	C	T	0|1	REF	8.053	14.994	6.941	TACTGACATCTAGTGGGTA	TACTGACATTTAGTGGGTA	6.941	2	2	2	SNP that strongly alters CTCF motif strength.	GM
chr7	23545053	23545173	chr7	23545076	23545095	+motif4745	23545083	C	T	0|1	REF	2.528	2.528	0.0	TGACATCTAGTGGGTAGAG	.	0.0	0	2	2	SNP that strongly alters CTCF motif strength.	GM
chr13	20489336	20489406	chr13	20489380	20489399	-motif1282	20489385	G	A	1|0	ALT	4.009	16.047	12.038	TGGCGCCCTCTACTGCTTC	TGGCACCCTCTACTGCTTC	12.038	2	1	2	SNP that strongly alters CTCF motif strength.	GM
chr17	46253969	46254065	chr17	46254012	46254031	+motif2113	46254031	T	C	1|0	REF	0.015	0.0	0.015	.	CTGCTCCAAGGTGAAGGTC	0.015	0	1	0	SNP with no meaningful effect on CTCF motif strength.	GM
