variant_id	DIFF_LOG2_data1	DIFF_LOG2_data2	CHR	POS1	POS2	transcription_factor_data1	haplotype1_data1	haplotype2_data1	HMAX_data1	transcription_factor_data2	haplotype1_data2	haplotype2_data2	HMAX_data2	LENGTH	motif_chr	motif_start	motif_end	motif_id	snp_pos	ref	alt	phase	better_strand	delta_score	h1_score	h2_score	ref_seq	alt_seq	abs_delta	motif_effect	n_motif_snps	strongest_effect	anchor_summary	GENOME_x	Unnamed: 0	btwn_lines	GENOME_y	prediction_quality	ref_more_reads	quality_motif
chr1_116672611_116672820	3.17	3.74	chr1	116672611	116672820	CTCF	5.0	45.0	45	CTCF	5462.0	408.925	5462.0	209	chr1	116672731	116672750	-motif310	116672736	A	G	1|0	REF	4.009	6.79	10.799	ATGCACCATCTAGCGTTAG	ATGCGCCATCTAGCGTTAG	4.009	1	1	1	SNP that moderately affects CTCF motif strength.	HG2	24	1	HepG2	good	1	1
chr1_161566293_161566389	-6.248	-0.081	chr1	161566293	161566389	CTCF	76.0	1.0	76	CTCF	4579.802	4843.75	4843.75	96	chr1	161566333	161566352	-motif350	161566341	C	T	0|1	REF	0.178	0.178	0.0	CACTGTCCACTTTTGTTTC	.	0.178	0	1	0	SNP with no meaningful effect on CTCF motif strength.	HG2	83	0	HepG2	bad	1	0
chr1_16352318_16352686	6.966	-0.022	chr1	16352318	16352686	CTCF	1.0	125.0	125	CTCF	1427.016	1449.0	1449.0	368	chr1	16352616	16352635	+motif54	16352633	C	T	0|1	REF	4.261	4.291	0.03	AATGCGCTCGGGGGAGCTA	AATGCGCTCGGGGGAGTTA	4.261	1	1	1	SNP that moderately affects CTCF motif strength.	HG2	88	0	HepG2	bad	0	0
chr1_200302120_200302724	4.7	-0.056	chr1	200302120	200302724	CTCF	1.0	26.0	26	CTCF	691.288	718.5	718.5	604	chr1	200302264	200302283	-motif406	200302280	C	1/1	TTCTGCCAACAACCGTTGA	REF	0.0	0.771	0.771			0.0	0	2	0	SNP with no meaningful effect on CTCF motif strength.	HG2	148	0	HepG2	bad	2	0
chr1_200302120_200302724	4.7	-0.056	chr1	200302120	200302724	CTCF	1.0	26.0	26	CTCF	691.288	718.5	718.5	604	chr1	200302205	200302224	-motif405	200302215	G	1/1	TGTTTCCCCCGTGAGCACG	REF	0.0	2.929	2.929			0.0	0	2	0	SNP with no meaningful effect on CTCF motif strength.	HG2	148	0	HepG2	bad	2	0
chr1_21854983_21856217	4.0	0.006	chr1	21854983	21856217	CTCF	1.0	16.0	16	CTCF	391.5	390.004	391.5	1234	chr1	21855494	21855513	-motif73	21855505	A	C	1|0	REF	1.387	3.315	4.702	GGCCCCCACCATGAGCCCG	GGCCCCCACCCTGAGCCCG	1.387	1	1	1	SNP that moderately affects CTCF motif strength.	HG2	200	0	HepG2	bad	1	0
chr1_246971348_246971638	3.087	0.002	chr1	246971348	246971638	CTCF	4.0	34.0	34	CTCF	2638.0	2635.002	2638.0	290	chr1	246971380	246971399	+motif516	246971389	C	G	1|0	REF	1.54	2.632	4.172	AGGCCTCCCGATAGCTGTG	AGGCCTCCGGATAGCTGTG	1.54	1	1	1	SNP that moderately affects CTCF motif strength.	HG2	255	0	HepG2	bad	1	0
chr1_54808397_54809173	3.022	0.033	chr1	54808397	54809173	CTCF	8.0	65.0	65	CTCF	1592.5	1556.023	1592.5	776	chr1	54808786	54808805	+motif192	54808791	A	C	0|1	ALT	1.51	0.0	1.51	.	GGGCCCGAGGGAGAAAGCA	1.51	1	6	1	SNP that moderately affects CTCF motif strength.	HG2	351	0	HepG2	bad	0	0
chr1_54808397_54809173	3.022	0.033	chr1	54808397	54809173	CTCF	8.0	65.0	65	CTCF	1592.5	1556.023	1592.5	776	chr1	54808785	54808804	+motif191	54808791	A	C	0|1	REF	1.576	1.576	0.0	AGGGCACGAGGGAGAAAGC	.	1.576	1	6	1	SNP that moderately affects CTCF motif strength.	HG2	351	0	HepG2	bad	0	0
chr1_54808397_54809173	3.022	0.033	chr1	54808397	54809173	CTCF	8.0	65.0	65	CTCF	1592.5	1556.023	1592.5	776	chr1	54808617	54808636	+motif190	54808618	G	A	1|0	ALT	0.362	4.959	4.597	GGGGCAGTGGAGGGCTTTG	AGGGCAGTGGAGGGCTTTG	0.362	0	6	1	SNP that moderately affects CTCF motif strength.	HG2	351	0	HepG2	bad	1	0
chr1_54808397_54809173	3.022	0.033	chr1	54808397	54809173	CTCF	8.0	65.0	65	CTCF	1592.5	1556.023	1592.5	776	chr1	54808607	54808626	+motif189	54808618	G	A	1|0	ALT	1.323	14.67	13.348	CTGCCGGGGGGGGGCAGTG	CTGCCGGGGGAGGGCAGTG	1.323	1	6	1	SNP that moderately affects CTCF motif strength.	HG2	351	0	HepG2	bad	1	1
chr1_54808397_54809173	3.022	0.033	chr1	54808397	54809173	CTCF	8.0	65.0	65	CTCF	1592.5	1556.023	1592.5	776	chr1	54808604	54808623	+motif188	54808618	G	A	1|0	ALT	1.3	1.3	0.0	GTGCTGCCGGGGGGGGGCA	.	1.3	1	6	1	SNP that moderately affects CTCF motif strength.	HG2	351	0	HepG2	bad	1	0
chr1_54808397_54809173	3.022	0.033	chr1	54808397	54809173	CTCF	8.0	65.0	65	CTCF	1592.5	1556.023	1592.5	776	chr1	54808603	54808622	+motif187	54808618	G	A	1|0	REF	3.637	0.0	3.637	.	GGTGCTGCCGGGGGAGGGC	3.637	1	6	1	SNP that moderately affects CTCF motif strength.	HG2	351	0	HepG2	bad	1	0
chr2_111135079_111136411	-3.322	-0.056	chr2	111135079	111136411	CTCF	20.0	2.0	20	CTCF	289.788	301.25	301.25	1332	chr2	111135511	111135530	+motif2646	111135519	G	T	1|0	REF	0.24	0.0	0.24	.	TTCCCTCTGAGGGAAGCTG	0.24	0	4	1	SNP that moderately affects CTCF motif strength.	HG2	2083	0	HepG2	bad	0	0
chr2_111135079_111136411	-3.322	-0.056	chr2	111135079	111136411	CTCF	20.0	2.0	20	CTCF	289.788	301.25	301.25	1332	chr2	111135510	111135529	+motif2645	111135519	G	T	1|0	ALT	0.571	0.571	0.0	CTTCCCTCGGAGGGAAGCT	.	0.571	0	4	1	SNP that moderately affects CTCF motif strength.	HG2	2083	0	HepG2	bad	0	0
chr2_111135079_111136411	-3.322	-0.056	chr2	111135079	111136411	CTCF	20.0	2.0	20	CTCF	289.788	301.25	301.25	1332	chr2	111135508	111135527	-motif2644	111135519	G	T	1|0	REF	4.746	0.0	4.746	.	AGCTTCCCTCTGAGGGAAG	4.746	1	4	1	SNP that moderately affects CTCF motif strength.	HG2	2083	0	HepG2	bad	0	0
chr2_111135079_111136411	-3.322	-0.056	chr2	111135079	111136411	CTCF	20.0	2.0	20	CTCF	289.788	301.25	301.25	1332	chr2	111135507	111135526	-motif2643	111135519	G	T	1|0	ALT	1.216	1.216	0.0	CAGCTTCCCTCGGAGGGAA	.	1.216	1	4	1	SNP that moderately affects CTCF motif strength.	HG2	2083	0	HepG2	bad	0	0
chr2_113297317_113297963	5.555	-0.006	chr2	113297317	113297963	CTCF	1.0	47.0	47	CTCF	367.504	369.0	369.0	646	chr2	113297718	113297737	-motif2657	113297730	A	G	1|0	REF	0.976	4.715	5.691	TGCTTCTTTCCACTGGCTG	TGCTTCTTTCCGCTGGCTG	0.976	0	1	0	SNP with no meaningful effect on CTCF motif strength.	HG2	2101	0	HepG2	bad	1	0
chr2_140964473_140964617	6.755	-0.017	chr2	140964473	140964617	CTCF	1.0	108.0	108	CTCF	4243.011	4292.0	4292.0	144	chr2	140964514	140964533	-motif2709	140964517	G	A	1|0	ALT	1.691	1.691	0.0	TGGTGTCACCGCTAGACCA	.	1.691	1	1	1	SNP that moderately affects CTCF motif strength.	HG2	2159	0	HepG2	bad	1	0
chr2_196850012_196850226	3.138	3.975	chr2	196850012	196850226	CTCF	5.0	44.0	44	CTCF	3938.5	250.436	3938.5	214	chr2	196850076	196850095	-motif2797	196850089	T	G	1|0	REF	4.28	0.173	4.453	CTGAGCCACAGGTTGGCAG	CTGAGCCACAGGGTGGCAG	4.28	1	2	2	SNP that strongly alters CTCF motif strength.	HG2	2255	1	HepG2	good	1	0
chr2_196850012_196850226	3.138	3.975	chr2	196850012	196850226	CTCF	5.0	44.0	44	CTCF	3938.5	250.436	3938.5	214	chr2	196850078	196850097	+motif2798	196850089	T	G	1|0	REF	6.532	9.137	15.668	GAGCCACAGGTTGGCAGTG	GAGCCACAGGGTGGCAGTG	6.532	2	2	2	SNP that strongly alters CTCF motif strength.	HG2	2255	1	HepG2	good	1	1
chr2_232327200_232327338	5.672	0.079	chr2	232327200	232327338	CTCF	2.0	102.0	102	CTCF	9418.0	8916.052	9418.0	138	chr2	232327213	232327232	-motif2873	232327220	T	C	1|0	REF	3.832	0.0	3.832	.	CCTGCCCGCCTGGTGGCCT	3.832	1	2	2	SNP that strongly alters CTCF motif strength.	HG2	2338	0	HepG2	bad	1	0
chr2_232327200_232327338	5.672	0.079	chr2	232327200	232327338	CTCF	2.0	102.0	102	CTCF	9418.0	8916.052	9418.0	138	chr2	232327215	232327234	+motif2874	232327220	T	C	1|0	REF	6.417	0.0	6.417	.	TGCCCGCCTGGTGGCCTCC	6.417	2	2	2	SNP that strongly alters CTCF motif strength.	HG2	2338	0	HepG2	bad	1	0
chr2_88016388_88017142	-3.293	0.036	chr2	88016388	88017142	CTCF	49.0	5.0	49	CTCF	621.0	605.525	621.0	754	chr2	88016792	88016811	+motif2609	88016805,88016806	A,C	G,A	1|0,0|1	REF	1.198	0.0	1.198	.	GGCCACCAAGGGGACGGGC	1.198	1	4	1	SNP that moderately affects CTCF motif strength.	HG2	2547	0	HepG2	bad	2	0
chr2_88016388_88017142	-3.293	0.036	chr2	88016388	88017142	CTCF	49.0	5.0	49	CTCF	621.0	605.525	621.0	754	chr2	88016791	88016810	+motif2608	88016805,88016806	A,C	G,A	1|0,0|1	REF	0.973	8.879	9.852	TGGCCACCAAGGGACCGGG	TGGCCACCAAGGGGACGGG	0.973	0	4	1	SNP that moderately affects CTCF motif strength.	HG2	2547	0	HepG2	bad	2	1
chr2_88016388_88017142	-3.293	0.036	chr2	88016388	88017142	CTCF	49.0	5.0	49	CTCF	621.0	605.525	621.0	754	chr2	88016789	88016808	-motif2607	88016805,88016806	A,C	G,A	1|0,0|1	REF	2.729	2.887	5.617	CGTGGCCACCAAGGGACCG	CGTGGCCACCAAGGGGACG	2.729	1	4	1	SNP that moderately affects CTCF motif strength.	HG2	2547	0	HepG2	bad	2	0
chr2_88016388_88017142	-3.293	0.036	chr2	88016388	88017142	CTCF	49.0	5.0	49	CTCF	621.0	605.525	621.0	754	chr2	88016582	88016601	-motif2606	88016598	G	A	0|1	REF	3.795	3.795	0.0	TTCATCCACCTTAAGGTCA	.	3.795	1	4	1	SNP that moderately affects CTCF motif strength.	HG2	2547	0	HepG2	bad	1	0
chr3_12287448_12288102	5.977	0.076	chr3	12287448	12288102	CTCF	1.0	63.0	63	CTCF	1445.5	1371.551	1445.5	654	chr3	12287981	12288000	+motif3170	12287989	T	C	1|0	REF	0.976	1.474	2.45	AGGACACTGGAGAGGGGCG	AGGACACCGGAGAGGGGCG	0.976	0	2	2	SNP that strongly alters CTCF motif strength.	HG2	2812	0	HepG2	bad	1	0
chr3_12287448_12288102	5.977	0.076	chr3	12287448	12288102	CTCF	1.0	63.0	63	CTCF	1445.5	1371.551	1445.5	654	chr3	12287984	12288003	+motif3171	12287989	T	C	1|0	REF	5.826	0.0	5.826	.	ACACCGGAGAGGGGCGCCA	5.826	2	2	2	SNP that strongly alters CTCF motif strength.	HG2	2812	0	HepG2	bad	1	0
chr3_125766408_125766488	-7.585	-0.013	chr3	125766408	125766488	CTCF	192.0	1.0	192	CTCF	7660.011	7728.0	7728.0	80	chr3	125766418	125766437	+motif3306	125766420	G	A	0|1	REF	1.867	27.312	25.445	CGGCCAGCAGAGGGCGCCA	CAGCCAGCAGAGGGCGCCA	1.867	1	1	1	SNP that moderately affects CTCF motif strength.	HG2	2815	0	HepG2	bad	1	1
chr3_126083889_126084425	-3.011	-0.033	chr3	126083889	126084425	CTCF	137.0	17.0	137	CTCF	1285.023	1315.0	1315.0	536	chr3	126084100	126084119	+motif3312	126084118	G	1/1	CTCCCAGGCGGCGGCGGAA	REF	0.0	6.785	6.785			0.0	0	3	1	SNP that moderately affects CTCF motif strength.	HG2	2816	0	HepG2	bad	2	0
chr3_126083889_126084425	-3.011	-0.033	chr3	126083889	126084425	CTCF	137.0	17.0	137	CTCF	1285.023	1315.0	1315.0	536	chr3	126084377	126084396	+motif3314	126084385	G	C	0|1	ALT	3.173	4.901	8.074	CGCCCCCGCGGGAGCGCTA	CGCCCCCCCGGGAGCGCTA	3.173	1	3	1	SNP that moderately affects CTCF motif strength.	HG2	2816	0	HepG2	bad	1	1
chr3_126083889_126084425	-3.011	-0.033	chr3	126083889	126084425	CTCF	137.0	17.0	137	CTCF	1285.023	1315.0	1315.0	536	chr3	126084374	126084393	-motif3313	126084385	G	C	0|1	ALT	1.54	6.898	8.438	TGGCGCCCCCGCGGGAGCG	TGGCGCCCCCCCGGGAGCG	1.54	1	3	1	SNP that moderately affects CTCF motif strength.	HG2	2816	0	HepG2	bad	1	1
chr3_46442698_46442892	4.485	4.845	chr3	46442698	46442892	CTCF	5.0	112.0	112	CTCF	6329.0	220.215	6329.0	194	chr3	46442755	46442774	-motif3214	46442770	C	G	0|1	ALT	18.768	1.176	19.944	TGACGCCATCTGGTCGTGA	TGACGCCATCTGGTGGTGA	18.768	2	2	2	SNP that strongly alters CTCF motif strength.	HG2	2955	1	HepG2	good	0	1
chr3_46442698_46442892	4.485	4.845	chr3	46442698	46442892	CTCF	5.0	112.0	112	CTCF	6329.0	220.215	6329.0	194	chr3	46442757	46442776	+motif3215	46442770	C	G	0|1	ALT	3.517	0.0	3.517	.	ACGCCATCTGGTGGTGAAA	3.517	1	2	2	SNP that strongly alters CTCF motif strength.	HG2	2955	1	HepG2	good	0	0
chr4_124944111_124944169	-3.059	-2.683	chr4	124944111	124944169	CTCF	25.0	3.0	25	CTCF	264.094	1696.5	1696.5	58	chr4	124944125	124944144	-motif3649	124944144	G	A	1|0	REF	0.075	0.0	0.075	.	GACTCACTCCTCCTGCTGA	0.075	0	4	2	SNP that strongly alters CTCF motif strength.	HG2	3039	1	HepG2	good	0	0
chr4_124944111_124944169	-3.059	-2.683	chr4	124944111	124944169	CTCF	25.0	3.0	25	CTCF	264.094	1696.5	1696.5	58	chr4	124944128	124944147	-motif3650	124944144	G	A	1|0	ALT	5.031	11.978	6.947	TCACTCCTCCTGCTGGTTG	TCACTCCTCCTGCTGATTG	5.031	2	4	2	SNP that strongly alters CTCF motif strength.	HG2	3039	1	HepG2	good	0	1
chr4_124944111_124944169	-3.059	-2.683	chr4	124944111	124944169	CTCF	25.0	3.0	25	CTCF	264.094	1696.5	1696.5	58	chr4	124944131	124944150	-motif3651	124944144	G	A	1|0	ALT	0.494	0.494	0.0	CTCCTCCTGCTGGTTGAAG	.	0.494	0	4	2	SNP that strongly alters CTCF motif strength.	HG2	3039	1	HepG2	good	0	0
chr4_124944111_124944169	-3.059	-2.683	chr4	124944111	124944169	CTCF	25.0	3.0	25	CTCF	264.094	1696.5	1696.5	58	chr4	124944133	124944152	+motif3652	124944144	G	A	1|0	ALT	0.702	0.702	0.0	CCTCCTGCTGGTTGAAGAA	.	0.702	0	4	2	SNP that strongly alters CTCF motif strength.	HG2	3039	1	HepG2	good	0	0
chr4_169270433_169271387	6.109	-0.026	chr4	169270433	169271387	CTCF	1.0	69.0	69	CTCF	2176.019	2216.0	2216.0	954	chr4	169271088	169271107	-motif3688	169271099,169271100	C,T	T,G	0|1,1|0	REF	0.258	0.0	0.258	.	AGCCGGCGCCTGGGGCGCA	0.258	0	2	1	SNP that moderately affects CTCF motif strength.	HG2	3089	0	HepG2	bad	2	0
chr4_169270433_169271387	6.109	-0.026	chr4	169270433	169271387	CTCF	1.0	69.0	69	CTCF	2176.019	2216.0	2216.0	954	chr4	169271099	169271118	+motif3689	169271100	T	G	1|0	ALT	2.037	17.366	15.329	TGGGCGCAAGGGGGCGGCC	GGGGCGCAAGGGGGCGGCC	2.037	1	2	1	SNP that moderately affects CTCF motif strength.	HG2	3089	0	HepG2	bad	1	1
chr4_184649255_184649783	-4.392	0.003	chr4	184649255	184649783	CTCF	21.0	1.0	21	CTCF	1774.0	1770.001	1774.0	528	chr4	184649511	184649530	-motif3709	184649521	G	1/1	CGGCCCCTCCCGCCGCCTC	REF	0.0	1.431	1.431			0.0	0	4	1	SNP that moderately affects CTCF motif strength.	HG2	3114	0	HepG2	bad	2	0
chr4_184649255_184649783	-4.392	0.003	chr4	184649255	184649783	CTCF	21.0	1.0	21	CTCF	1774.0	1770.001	1774.0	528	chr4	184649508	184649527	-motif3708	184649521	G	1/1	TGTCGGCCCCTCCCGCCGC	REF	0.0	4.09	4.09			0.0	0	4	1	SNP that moderately affects CTCF motif strength.	HG2	3114	0	HepG2	bad	2	0
chr4_184649255_184649783	-4.392	0.003	chr4	184649255	184649783	CTCF	21.0	1.0	21	CTCF	1774.0	1770.001	1774.0	528	chr4	184649295	184649314	+motif3707	184649303,184649313	G,	C,A	0|1,1/1	REF	3.173	0.436	3.609	GGTACCCGGGCGGGCGCCG	GGTACCCCGGCGGGCGCCG	3.173	1	4	1	SNP that moderately affects CTCF motif strength.	HG2	3114	0	HepG2	bad	2	0
chr4_184649255_184649783	-4.392	0.003	chr4	184649255	184649783	CTCF	21.0	1.0	21	CTCF	1774.0	1770.001	1774.0	528	chr4	184649293	184649312	-motif3706	184649303	G	C	0|1	ALT	1.224	0.0	1.224	.	CAGGTACCCCGGCGGGCGC	1.224	1	4	1	SNP that moderately affects CTCF motif strength.	HG2	3114	0	HepG2	bad	1	0
chr4_185535454_185535632	3.7	0.003	chr4	185535454	185535632	CTCF	2.0	26.0	26	CTCF	1810.0	1806.002	1810.0	178	chr4	185535454	185535473	+motif3717	185535463	A	G	0|1	REF	1.534	1.534	0.0	CGGGCTCTAAGTGTCCCCG	.	1.534	1	1	1	SNP that moderately affects CTCF motif strength.	HG2	3121	0	HepG2	bad	0	0
chr4_186901691_186902100	-4.17	-0.05	chr4	186901691	186902100	CTCF	54.0	3.0	54	CTCF	267.534	277.0	277.0	409	chr4	186902045	186902064	-motif3724	186902060	G	A	0|1	REF	9.374	9.731	0.357	CACTGCCACCAGGCGATAG	CACTGCCACCAGGCAATAG	9.374	2	2	2	SNP that strongly alters CTCF motif strength.	HG2	3130	0	HepG2	bad	1	1
chr4_186901691_186902100	-4.17	-0.05	chr4	186901691	186902100	CTCF	54.0	3.0	54	CTCF	267.534	277.0	277.0	409	chr4	186902047	186902066	+motif3725	186902060	G	A	0|1	REF	6.77	10.131	3.362	CTGCCACCAGGCGATAGAG	CTGCCACCAGGCAATAGAG	6.77	2	2	2	SNP that strongly alters CTCF motif strength.	HG2	3130	0	HepG2	bad	1	1
chr4_3942546_3942668	3.788	0.009	chr4	3942546	3942668	CTCF	11.0	152.0	152	CTCF	7202.0	7158.007	7202.0	122	chr4	3942644	3942663	-motif3466	3942652	T	G	1|0	ALT	1.612	14.417	12.805	TGGTGCCTCCTGGTGAGTG	TGGTGCCGCCTGGTGAGTG	1.612	1	2	1	SNP that moderately affects CTCF motif strength.	HG2	3167	0	HepG2	bad	1	1
chr4_3942546_3942668	3.788	0.009	chr4	3942546	3942668	CTCF	11.0	152.0	152	CTCF	7202.0	7158.007	7202.0	122	chr4	3942641	3942660	-motif3465	3942652	T	G	1|0	ALT	2.754	2.754	0.0	CAGTGGTGCCTCCTGGTGA	.	2.754	1	2	1	SNP that moderately affects CTCF motif strength.	HG2	3167	0	HepG2	bad	1	0
chr4_88870781_88870990	4.248	-0.067	chr4	88870781	88870990	CTCF	1.0	19.0	19	CTCF	1057.045	1107.0	1107.0	209	chr4	88870812	88870831	+motif3604	88870831	T	A	1|0	REF	2.768	1.28	4.049	CCTCCTCAAGTGGGTCCCT	CCTCCTCAAGTGGGTCCCA	2.768	1	1	1	SNP that moderately affects CTCF motif strength.	HG2	3248	0	HepG2	bad	1	0
chr5_127108691_127108900	3.248	-0.016	chr5	127108691	127108900	CTCF	2.0	19.0	19	CTCF	584.511	591.0	591.0	209	chr5	127108797	127108816	+motif3883	127108812	C	T	1|0	ALT	4.009	6.56	2.552	TGGGCAATGGCGGGCGCCC	TGGGCAATGGCGGGTGCCC	4.009	1	1	1	SNP that moderately affects CTCF motif strength.	HG2	3295	0	HepG2	bad	1	0
chr5_177303473_177303993	-5.728	-0.006	chr5	177303473	177303993	CTCF	53.0	1.0	53	CTCF	1264.004	1269.0	1269.0	520	chr5	177303755	177303774	+motif3955	177303774	T	A	1|0	REF	0.632	0.0	0.632	.	GCGCCGGAAGCGGTGGCTA	0.632	0	1	0	SNP with no meaningful effect on CTCF motif strength.	HG2	3364	0	HepG2	bad	0	0
chr5_34464631_34466195	-5.304	-0.014	chr5	34464631	34466195	CTCF	79.0	2.0	79	CTCF	297.01	300.0	300.0	1564	chr5	34465482	34465501	-motif3772	34465483	C	T	0|1	ALT	0.038	20.937	20.975	CGGCTCCCTCTAGTGGTGA	TGGCTCCCTCTAGTGGTGA	0.038	0	2	0	SNP with no meaningful effect on CTCF motif strength.	HG2	3386	0	HepG2	bad	1	1
chr5_34464631_34466195	-5.304	-0.014	chr5	34464631	34466195	CTCF	79.0	2.0	79	CTCF	297.01	300.0	300.0	1564	chr5	34464906	34464925	-motif3771	34464914	G	A	0|1	ALT	0.274	0.0	0.274	.	GAGTAACATCCATTTGCCA	0.274	0	2	0	SNP with no meaningful effect on CTCF motif strength.	HG2	3386	0	HepG2	bad	1	0
chr6_11392648_11393408	4.459	0.012	chr6	11392648	11393408	CTCF	1.0	22.0	22	CTCF	595.0	590.008	595.0	760	chr6	11392964	11392983	-motif4003	11392980	A	G	1|0	REF	0.875	0.0	0.875	.	CTCCTGCTTCCACCGGCTG	0.875	0	2	0	SNP with no meaningful effect on CTCF motif strength.	HG2	3478	0	HepG2	bad	1	0
chr6_11392648_11393408	4.459	0.012	chr6	11392648	11393408	CTCF	1.0	22.0	22	CTCF	595.0	590.008	595.0	760	chr6	11392968	11392987	-motif4004	11392980	A	G	1|0	REF	0.976	6.737	7.713	TGCTTCCACCGACTGCCTC	TGCTTCCACCGGCTGCCTC	0.976	0	2	0	SNP with no meaningful effect on CTCF motif strength.	HG2	3478	0	HepG2	bad	1	0
chr6_167398413_167398561	3.7	0.04	chr6	167398413	167398561	CTCF	3.0	39.0	39	CTCF	940.0	914.027	940.0	148	chr6	167398490	167398509	-motif4297	167398505	T	G	1|0	REF	0.406	0.0	0.406	.	GACCTCCATCCATGGCCAA	0.406	0	1	0	SNP with no meaningful effect on CTCF motif strength.	HG2	3593	0	HepG2	bad	1	0
chr6_17600194_17600430	3.066	0.048	chr6	17600194	17600430	CTCF	8.0	67.0	67	CTCF	3996.0	3864.03	3996.0	236	chr6	17600379	17600398	+motif4013	17600388	G	A	1|0	REF	0.379	0.0	0.379	.	GGTATCCCAGAGGGTGCTG	0.379	0	2	1	SNP that moderately affects CTCF motif strength.	HG2	3614	0	HepG2	bad	1	0
chr6_17600194_17600430	3.066	0.048	chr6	17600194	17600430	CTCF	8.0	67.0	67	CTCF	3996.0	3864.03	3996.0	236	chr6	17600382	17600401	+motif4014	17600388	G	A	1|0	REF	2.661	0.0	2.661	.	ATCCCAGAGGGTGCTGCTG	2.661	1	2	1	SNP that moderately affects CTCF motif strength.	HG2	3614	0	HepG2	bad	1	0
chr6_25748434_25749786	4.087	-0.012	chr6	25748434	25749786	CTCF	2.0	34.0	34	CTCF	356.508	359.5	359.5	1352	chr6	25748977	25748996	+motif4023	25748996	G	T	1|0	ALT	2.73	4.524	1.794	GGGCAGGCAGGAGACAGAG	GGGCAGGCAGGAGACAGAT	2.73	1	2	1	SNP that moderately affects CTCF motif strength.	HG2	3630	0	HepG2	bad	1	0
chr6_25748434_25749786	4.087	-0.012	chr6	25748434	25749786	CTCF	2.0	34.0	34	CTCF	356.508	359.5	359.5	1352	chr6	25748980	25748999	+motif4024	25748996	G	T	1|0	ALT	0.239	0.239	0.0	CAGGCAGGAGACAGAGGCC	.	0.239	0	2	1	SNP that moderately affects CTCF motif strength.	HG2	3630	0	HepG2	bad	1	0
chr6_44223293_44224051	5.044	-0.012	chr6	44223293	44224051	CTCF	1.0	33.0	33	CTCF	1200.009	1210.0	1210.0	758	chr6	44223631	44223650	+motif4167	44223650	G	C	1|0	ALT	0.555	4.943	4.387	TCTGCGGCAGGTGCTGCCG	TCTGCGGCAGGTGCTGCCC	0.555	0	1	0	SNP with no meaningful effect on CTCF motif strength.	HG2	3771	0	HepG2	bad	1	0
chr6_44253591_44253800	-4.115	-0.014	chr6	44253591	44253800	CTCF	52.0	3.0	52	CTCF	4739.01	4786.0	4786.0	209	chr6	44253656	44253675	-motif4168	44253667	G	C	0|1	ALT	1.54	1.43	2.97	CTGCAGCCTCGAGTGCCCC	CTGCAGCCTCCAGTGCCCC	1.54	1	1	1	SNP that moderately affects CTCF motif strength.	HG2	3772	0	HepG2	bad	1	0
chr7_116210423_116210567	3.858	0.01	chr7	116210423	116210567	CTCF	2.0	29.0	29	CTCF	1049.5	1042.507	1049.5	144	chr7	116210499	116210518	-motif4528	116210509	C	T	0|1	REF	0.718	0.718	0.0	GCCCGGCCCCCTTTGTTCC	.	0.718	0	1	0	SNP with no meaningful effect on CTCF motif strength.	HG2	3837	0	HepG2	bad	0	0
chr7_1875392_1875818	-5.858	0.022	chr7	1875392	1875818	CTCF	58.0	1.0	58	CTCF	4095.0	4033.017	4095.0	426	chr7	1875639	1875658	-motif4317	1875646	C	A	0|1	REF	1.714	1.714	0.0	CAGGAACCCCGGGAGGTAT	.	1.714	1	1	1	SNP that moderately affects CTCF motif strength.	HG2	3911	0	HepG2	bad	1	0
chr7_1884011_1884420	4.755	-0.033	chr7	1884011	1884420	CTCF	1.0	27.0	27	CTCF	2114.522	2164.0	2164.0	409	chr7	1884046	1884065	+motif4318	1884059	T	C	1|0	ALT	0.826	0.826	0.0	ACCACGCCAGAGTGAGCAG	.	0.826	0	2	0	SNP with no meaningful effect on CTCF motif strength.	HG2	3912	0	HepG2	bad	1	0
chr7_1884011_1884420	4.755	-0.033	chr7	1884011	1884420	CTCF	1.0	27.0	27	CTCF	2114.522	2164.0	2164.0	409	chr7	1884081	1884100	-motif4319	1884082	T	1/1	CGTGGCCAACAGGAGGCAG	REF	0.0	2.908	2.908			0.0	0	2	0	SNP with no meaningful effect on CTCF motif strength.	HG2	3912	0	HepG2	bad	2	0
chr7_5302601_5302810	3.644	0.072	chr7	5302601	5302810	CTCF	2.0	25.0	25	CTCF	1706.0	1622.548	1706.0	209	chr7	5302764	5302783	-motif4346	5302782	C	T	1|0	ALT	1.867	8.25	6.383	CCCTGCTCCCCTCAGGCCG	CCCTGCTCCCCTCAGGCTG	1.867	1	1	1	SNP that moderately affects CTCF motif strength.	HG2	3990	0	HepG2	bad	1	1
chr7_5856573_5856739	-6.185	0.011	chr7	5856573	5856739	CTCF	291.0	4.0	291	CTCF	9264.0	9192.008	9264.0	166	chr7	5856612	5856631	+motif4348	5856613	C	T	0|1	ALT	0.1	16.625	16.725	CGGTCAATAGGTGGCACTA	TGGTCAATAGGTGGCACTA	0.1	0	1	0	SNP with no meaningful effect on CTCF motif strength.	HG2	3999	0	HepG2	bad	1	1
chr7_98013534_98013680	-6.222	-0.033	chr7	98013534	98013680	CTCF	224.0	3.0	224	CTCF	8245.021	8437.0	8437.0	146	chr7	98013637	98013656	-motif4487	98013656	G	A	0|1	ALT	0.1	16.625	16.725	TAGTGCCACCTATTGACCG	TAGTGCCACCTATTGACCA	0.1	0	1	0	SNP with no meaningful effect on CTCF motif strength.	HG2	4056	0	HepG2	bad	1	1
chr8_12659496_12659574	4.883	0.057	chr8	12659496	12659574	CTCF	4.0	118.0	118	CTCF	6856.0	6592.042	6856.0	78	chr8	12659500	12659519	-motif4633	12659518	G	C	1|0	REF	0.116	0.0	0.116	.	CCTGGCTCTCTGGCGCCCT	0.116	0	2	2	SNP that strongly alters CTCF motif strength.	HG2	4110	0	HepG2	bad	1	0
chr8_12659496_12659574	4.883	0.057	chr8	12659496	12659574	CTCF	4.0	118.0	118	CTCF	6856.0	6592.042	6856.0	78	chr8	12659510	12659529	-motif4634	12659518	G	C	1|0	REF	5.392	19.621	25.013	TGGCGCCGTCTGCTGGCCT	TGGCGCCCTCTGCTGGCCT	5.392	2	2	2	SNP that strongly alters CTCF motif strength.	HG2	4110	0	HepG2	bad	1	1
chr8_12665354_12665916	-5.209	0.007	chr8	12665354	12665916	CTCF	37.0	1.0	37	CTCF	1241.0	1235.005	1241.0	562	chr8	12665795	12665814	-motif4638	12665800	G	C	0|1	REF	1.994	1.994	0.0	CCCCGCCCCAGCCAGGTTG	.	1.994	1	4	1	SNP that moderately affects CTCF motif strength.	HG2	4111	0	HepG2	bad	1	0
chr8_12665354_12665916	-5.209	0.007	chr8	12665354	12665916	CTCF	37.0	1.0	37	CTCF	1241.0	1235.005	1241.0	562	chr8	12665636	12665655	-motif4635	12665637	C	1/1	GGCGGGCCGCTCCTGGCTC	REF	0.0	0.971	0.971			0.0	0	4	1	SNP that moderately affects CTCF motif strength.	HG2	4111	0	HepG2	bad	2	0
chr8_12665354_12665916	-5.209	0.007	chr8	12665354	12665916	CTCF	37.0	1.0	37	CTCF	1241.0	1235.005	1241.0	562	chr8	12665790	12665809	-motif4636	12665800	G	C	0|1	ALT	2.971	0.0	2.971	.	CTCCTCCCCCCCCCAGCCA	2.971	1	4	1	SNP that moderately affects CTCF motif strength.	HG2	4111	0	HepG2	bad	1	0
chr8_12665354_12665916	-5.209	0.007	chr8	12665354	12665916	CTCF	37.0	1.0	37	CTCF	1241.0	1235.005	1241.0	562	chr8	12665791	12665810	-motif4637	12665800	G	C	0|1	ALT	0.308	0.0	0.308	.	TCCTCCCCCCCCCAGCCAG	0.308	0	4	1	SNP that moderately affects CTCF motif strength.	HG2	4111	0	HepG2	bad	1	0
chr8_41828406_41829232	3.755	-0.014	chr8	41828406	41829232	CTCF	4.0	54.0	54	CTCF	4541.01	4586.0	4586.0	826	chr8	41828493	41828512	-motif4696	41828499	C	T	0|1	REF	4.348	9.268	4.92	CACCTCCTCCGAGAGGACA	CACCTTCTCCGAGAGGACA	4.348	1	1	1	SNP that moderately affects CTCF motif strength.	HG2	4212	0	HepG2	bad	0	1
chr9_120755885_120756121	-7.248	-0.01	chr9	120755885	120756121	CTCF	152.0	1.0	152	CTCF	8328.005	8388.0	8388.0	236	chr9	120756066	120756085	+motif4984	120756077,120756078	T,G	G,T	0|1,0|1	ALT	0.71	0.0	0.71	.	CAAACACCTGGTGGTCTTC	0.71	0	2	2	SNP that strongly alters CTCF motif strength.	HG2	4293	0	HepG2	bad	2	0
chr9_120755885_120756121	-7.248	-0.01	chr9	120755885	120756121	CTCF	152.0	1.0	152	CTCF	8328.005	8388.0	8388.0	236	chr9	120756064	120756083	-motif4983	120756077,120756078	T,G	G,T	0|1,0|1	ALT	9.561	0.663	10.223	CACAAACACCTGTGGGTCT	CACAAACACCTGGTGGTCT	9.561	2	2	2	SNP that strongly alters CTCF motif strength.	HG2	4293	0	HepG2	bad	2	1
chr9_136766181_136766803	-3.386	0.036	chr9	136766181	136766803	CTCF	230.0	22.0	230	CTCF	898.0	876.025	898.0	622	chr9	136766768	136766787	-motif5056	136766786	G	T	0|1	REF	0.354	0.915	0.561	CCTCCACCTCCTGTGGAGG	CCTCCACCTCCTGTGGATG	0.354	0	5	1	SNP that moderately affects CTCF motif strength.	HG2	4353	0	HepG2	bad	1	0
chr9_136766181_136766803	-3.386	0.036	chr9	136766181	136766803	CTCF	230.0	22.0	230	CTCF	898.0	876.025	898.0	622	chr9	136766639	136766658	-motif5055	136766650	T	G	0|1	REF	2.724	2.724	0.0	GGAAGACACCTGTTGCCAA	.	2.724	1	5	1	SNP that moderately affects CTCF motif strength.	HG2	4353	0	HepG2	bad	1	0
chr9_136766181_136766803	-3.386	0.036	chr9	136766181	136766803	CTCF	230.0	22.0	230	CTCF	898.0	876.025	898.0	622	chr9	136766769	136766788	-motif5057	136766786	G	T	0|1	ALT	1.461	0.0	1.461	.	CTCCACCTCCTGTGGATGG	1.461	1	5	1	SNP that moderately affects CTCF motif strength.	HG2	4353	0	HepG2	bad	1	0
chr9_136766181_136766803	-3.386	0.036	chr9	136766181	136766803	CTCF	230.0	22.0	230	CTCF	898.0	876.025	898.0	622	chr9	136766771	136766790	+motif5058	136766786	G	T	0|1	ALT	1.821	0.0	1.821	.	CCACCTCCTGTGGATGGCC	1.821	1	5	1	SNP that moderately affects CTCF motif strength.	HG2	4353	0	HepG2	bad	1	0
chr9_136766181_136766803	-3.386	0.036	chr9	136766181	136766803	CTCF	230.0	22.0	230	CTCF	898.0	876.025	898.0	622	chr9	136766774	136766793	+motif5059	136766786	G	T	0|1	REF	1.121	3.627	2.506	CCTCCTGTGGAGGGCCTGA	CCTCCTGTGGATGGCCTGA	1.121	1	5	1	SNP that moderately affects CTCF motif strength.	HG2	4353	0	HepG2	bad	1	0
chr9_3135071_3135480	-3.459	-2.663	chr9	3135071	3135480	CTCF	33.0	3.0	33	CTCF	319.842	2025.75	2025.75	409	chr9	3135161	3135180	+motif4835	3135164	C	G	0|1	ALT	3.196	4.07	7.266	CCCCCTCTTGTGGGCAATG	CCGCCTCTTGTGGGCAATG	3.196	1	3	2	SNP that strongly alters CTCF motif strength.	HG2	4392	1	HepG2	good	1	0
chr9_3135071_3135480	-3.459	-2.663	chr9	3135071	3135480	CTCF	33.0	3.0	33	CTCF	319.842	2025.75	2025.75	409	chr9	3135159	3135178	-motif4834	3135164	C	G	0|1	ALT	4.794	0.0	4.794	.	GACCGCCTCTTGTGGGCAA	4.794	1	3	2	SNP that strongly alters CTCF motif strength.	HG2	4392	1	HepG2	good	1	0
chr9_3135071_3135480	-3.459	-2.663	chr9	3135071	3135480	CTCF	33.0	3.0	33	CTCF	319.842	2025.75	2025.75	409	chr9	3135158	3135177	-motif4833	3135164	C	G	0|1	REF	6.598	10.847	4.249	TGACCCCCTCTTGTGGGCA	TGACCGCCTCTTGTGGGCA	6.598	2	3	2	SNP that strongly alters CTCF motif strength.	HG2	4392	1	HepG2	good	1	1
chr9_83817265_83818105	3.322	0.069	chr9	83817265	83818105	CTCF	2.0	20.0	20	CTCF	1397.0	1332.048	1397.0	840	chr9	83817649	83817668	+motif4896	83817664	G	1/1	CTCGCGCCGGGCGGTGGTC	REF	0.0	1.105	1.105			0.0	0	3	1	SNP that moderately affects CTCF motif strength.	HG2	4447	0	HepG2	bad	2	0
chr9_83817265_83818105	3.322	0.069	chr9	83817265	83818105	CTCF	2.0	20.0	20	CTCF	1397.0	1332.048	1397.0	840	chr9	83817368	83817387	-motif4895	83817378	C	T	1|0	ALT	1.134	1.134	0.0	CGGCTCCGGCCAGTGGGGC	.	1.134	1	3	1	SNP that moderately affects CTCF motif strength.	HG2	4447	0	HepG2	bad	1	0
chr9_83817265_83818105	3.322	0.069	chr9	83817265	83818105	CTCF	2.0	20.0	20	CTCF	1397.0	1332.048	1397.0	840	chr9	83817652	83817671	+motif4897	83817664	G	1/1	GCGCCGGGCGGTGGTCGCG	REF	0.0	2.231	2.231			0.0	0	3	1	SNP that moderately affects CTCF motif strength.	HG2	4447	0	HepG2	bad	2	0
chr10_110567083_110567879	4.585	-0.015	chr10	110567083	110567879	CTCF	1.0	24.0	24	CTCF	341.76	345.25	345.25	796	chr10	110567353	110567372	-motif740	110567363	G	C	1|0	REF	1.607	0.0	1.607	.	GGCCGACAGCCCGCGGCGC	1.607	1	1	1	SNP that moderately affects CTCF motif strength.	HG2	447	0	HepG2	bad	1	0
chr10_14991479_14991617	6.615	0.005	chr10	14991479	14991617	CTCF	1.0	98.0	98	CTCF	5852.0	5831.001	5852.0	138	chr10	14991566	14991585	+motif564	14991571,14991572	C,A	T,C	1|0,1|0	ALT	1.465	1.465	0.0	AAGCCAGCTGGTGTCCTCT	.	1.465	1	3	1	SNP that moderately affects CTCF motif strength.	HG2	508	0	HepG2	bad	2	0
chr10_14991479_14991617	6.615	0.005	chr10	14991479	14991617	CTCF	1.0	98.0	98	CTCF	5852.0	5831.001	5852.0	138	chr10	14991564	14991583	-motif563	14991571,14991572	C,A	T,C	1|0,1|0	ALT	3.613	3.613	0.0	GGAAGCCAGCTGGTGTCCT	.	3.613	1	3	1	SNP that moderately affects CTCF motif strength.	HG2	508	0	HepG2	bad	2	0
chr10_14991479_14991617	6.615	0.005	chr10	14991479	14991617	CTCF	1.0	98.0	98	CTCF	5852.0	5831.001	5852.0	138	chr10	14991552	14991571	+motif562	14991571	C	T	1|0	ALT	2.175	2.634	0.459	ACCCAGCAAGGTGGAAGCC	ACCCAGCAAGGTGGAAGCT	2.175	1	3	1	SNP that moderately affects CTCF motif strength.	HG2	508	0	HepG2	bad	1	0
chr10_31320812_31320988	-4.248	-0.073	chr10	31320812	31320988	CTCF	19.0	1.0	19	CTCF	1133.049	1192.0	1192.0	176	chr10	31320856	31320875	-motif606	31320865	G	C	0|1	ALT	3.392	0.0	3.392	.	CAGCCCCCCCCTGCGCCGC	3.392	1	2	1	SNP that moderately affects CTCF motif strength.	HG2	541	0	HepG2	bad	1	0
chr10_31320812_31320988	-4.248	-0.073	chr10	31320812	31320988	CTCF	19.0	1.0	19	CTCF	1133.049	1192.0	1192.0	176	chr10	31320854	31320873	-motif605	31320865	G	C	0|1	ALT	1.54	0.487	2.027	AGCAGCCCCCGCCTGCGCC	AGCAGCCCCCCCCTGCGCC	1.54	1	2	1	SNP that moderately affects CTCF motif strength.	HG2	541	0	HepG2	bad	1	0
chr10_42866787_42866959	5.812	0.052	chr10	42866787	42866959	CTCF	5.0	281.0	281	CTCF	9620.0	9280.042	9620.0	172	chr10	42866871	42866890	-motif623	42866879	A	G	1|0	ALT	0.686	0.686	0.0	GCGCGGCAGCTCCCGGCTC	.	0.686	0	2	2	SNP that strongly alters CTCF motif strength.	HG2	552	0	HepG2	bad	1	0
chr10_42866787_42866959	5.812	0.052	chr10	42866787	42866959	CTCF	5.0	281.0	281	CTCF	9620.0	9280.042	9620.0	172	chr10	42866834	42866853	+motif622	42866841,42866850	T,G	C,A	1|0,1|0	REF	5.138	17.054	22.192	TAGCCATGAGGTGGCGCCG	TAGCCACGAGGTGGCACCG	5.138	2	2	2	SNP that strongly alters CTCF motif strength.	HG2	552	0	HepG2	bad	2	1
chr11_134868595_134869023	-4.248	-0.011	chr11	134868595	134869023	CTCF	38.0	2.0	38	CTCF	7163.01	7216.0	7216.0	428	chr11	134868737	134868756	+motif976	134868740	A	1/1	CGCGCGTTAGGGGGCGCCA	REF	0.0	10.771	10.771			0.0	0	1	0	SNP with no meaningful effect on CTCF motif strength.	HG2	729	0	HepG2	bad	2	1
chr11_71563594_71563768	-3.924	-0.047	chr11	71563594	71563768	CTCF	425.0	28.0	425	CTCF	4621.031	4774.0	4774.0	174	chr11	71563663	71563682	-motif857	71563682	C	T	0|1	REF	0.362	12.574	12.212	CAGCTCCCTCTGCAGTCAC	CAGCTCCCTCTGCAGTCAT	0.362	0	1	0	SNP with no meaningful effect on CTCF motif strength.	HG2	772	0	HepG2	bad	1	1
chr11_73598046_73598736	4.7	0.005	chr11	73598046	73598736	CTCF	1.0	26.0	26	CTCF	1775.0	1769.003	1775.0	690	chr11	73598360	73598379	-motif869	73598376	A	G	0|1	ALT	0.274	0.0	0.274	.	AACCATCCGCTGGCGGATT	0.274	0	3	0	SNP with no meaningful effect on CTCF motif strength.	HG2	777	0	HepG2	bad	0	0
chr11_73598046_73598736	4.7	0.005	chr11	73598046	73598736	CTCF	1.0	26.0	26	CTCF	1775.0	1769.003	1775.0	690	chr11	73598359	73598378	+motif868	73598376	A	G	0|1	ALT	0.22	0.0	0.22	.	CAACCATCCGCTGGCGGAT	0.22	0	3	0	SNP with no meaningful effect on CTCF motif strength.	HG2	777	0	HepG2	bad	0	0
chr11_73598046_73598736	4.7	0.005	chr11	73598046	73598736	CTCF	1.0	26.0	26	CTCF	1775.0	1769.003	1775.0	690	chr11	73598357	73598376	-motif867	73598376	A	G	0|1	REF	0.1	7.752	7.652	GCCAACCATCCGCTGGCGA	GCCAACCATCCGCTGGCGG	0.1	0	3	0	SNP with no meaningful effect on CTCF motif strength.	HG2	777	0	HepG2	bad	0	0
chr12_25386089_25386557	4.755	0.031	chr12	25386089	25386557	CTCF	1.0	27.0	27	CTCF	1656.0	1621.021	1656.0	468	chr12	25386368	25386387	-motif1026	25386382	G	C	0|1	ALT	2.322	0.618	2.939	TCCCCACTTCTGCGGGCAC	TCCCCACTTCTGCCGGCAC	2.322	1	2	1	SNP that moderately affects CTCF motif strength.	HG2	890	0	HepG2	bad	0	0
chr12_25386089_25386557	4.755	0.031	chr12	25386089	25386557	CTCF	1.0	27.0	27	CTCF	1656.0	1621.021	1656.0	468	chr12	25386380	25386399	+motif1027	25386382	G	C	0|1	REF	1.514	6.378	4.864	CGGGCACGCGGGGCCGCGG	CCGGCACGCGGGGCCGCGG	1.514	1	2	1	SNP that moderately affects CTCF motif strength.	HG2	890	0	HepG2	bad	0	0
chr12_52252081_52253079	-3.644	-0.052	chr12	52252081	52253079	CTCF	25.0	2.0	25	CTCF	2518.036	2610.0	2610.0	998	chr12	52252610	52252629	-motif1078	52252625	G	A	1|0	ALT	0.984	0.984	0.0	TAGTGCTCCCAGGCGTGTT	.	0.984	0	1	0	SNP with no meaningful effect on CTCF motif strength.	HG2	935	0	HepG2	bad	0	0
chr12_9319349_9319457	5.755	-0.03	chr12	9319349	9319457	CTCF	1.0	54.0	54	CTCF	4063.019	4149.0	4149.0	108	chr12	9319405	9319424	-motif1007	9319419,9319422	,	C,A	1/1,1/1	REF	0.0	19.037	19.037	CTGCTCCCCCTGCTGGCTT	CTGCTCCCCCTGCTGGCTT	0.0	0	1	0	SNP with no meaningful effect on CTCF motif strength.	HG2	993	0	HepG2	bad	2	1
chr13_112893661_112894621	-5.248	-0.015	chr13	112893661	112894621	CTCF	38.0	1.0	38	CTCF	1133.01	1145.0	1145.0	960	chr13	112894216	112894235	-motif1341	112894228	T	1/1	GCCCTTCCCCCGCCGCTCT	REF	0.0	1.607	1.607			0.0	0	1	0	SNP with no meaningful effect on CTCF motif strength.	HG2	1029	0	HepG2	bad	2	0
chr13_22944561_22944770	-4.17	-0.039	chr13	22944561	22944770	CTCF	18.0	1.0	18	CTCF	1437.027	1476.0	1476.0	209	chr13	22944743	22944762	-motif1204	22944753	A	1/1	TGACACCCCCTCCAGCAGT	REF	0.0	2.794	2.794			0.0	0	2	0	SNP with no meaningful effect on CTCF motif strength.	HG2	1040	0	HepG2	bad	2	0
chr13_22944561_22944770	-4.17	-0.039	chr13	22944561	22944770	CTCF	18.0	1.0	18	CTCF	1437.027	1476.0	1476.0	209	chr13	22944748	22944767	+motif1205	22944753	A	1/1	CCCCCTCCAGCAGTCTCCC	REF	0.0	0.161	0.161			0.0	0	2	0	SNP with no meaningful effect on CTCF motif strength.	HG2	1040	0	HepG2	bad	2	0
chr13_74215604_74215652	-4.17	-3.262	chr13	74215604	74215652	CTCF	72.0	4.0	72	CTCF	223.068	2139.719	2139.7188	48	chr13	74215609	74215628	-motif1287	74215612	C	T	1|0	ALT	2.462	15.343	12.882	GCCTGCCACCTGATGGCCT	GCTTGCCACCTGATGGCCT	2.462	1	2	1	SNP that moderately affects CTCF motif strength.	HG2	1101	1	HepG2	good	0	1
chr13_74215604_74215652	-4.17	-3.262	chr13	74215604	74215652	CTCF	72.0	4.0	72	CTCF	223.068	2139.719	2139.7188	48	chr13	74215611	74215630	+motif1288	74215612	C	T	1|0	REF	0.1	7.012	7.112	CTGCCACCTGATGGCCTTT	TTGCCACCTGATGGCCTTT	0.1	0	2	1	SNP that moderately affects CTCF motif strength.	HG2	1101	1	HepG2	good	0	0
chr13_95226301_95227110	4.087	0.012	chr13	95226301	95227110	CTCF	2.0	34.0	34	CTCF	124.75	123.758	124.75	809	chr13	95226680	95226699	+motif1301	95226686	G	A	1|0	REF	2.959	8.269	11.229	CTGCCGCTAGAGGACTTCA	CTGCCACTAGAGGACTTCA	2.959	1	1	1	SNP that moderately affects CTCF motif strength.	HG2	1115	0	HepG2	bad	1	1
chr14_49598592_49599262	4.644	-0.071	chr14	49598592	49599262	CTCF	1.0	25.0	25	CTCF	1504.048	1580.0	1580.0	670	chr14	49598737	49598756	-motif1393	49598745	A	G	1|0	ALT	4.271	6.173	1.902	CGCCCCCACCGACTGCCGG	CGCCCCCGCCGACTGCCGG	4.271	1	2	1	SNP that moderately affects CTCF motif strength.	HG2	1188	0	HepG2	bad	1	0
chr14_49598592_49599262	4.644	-0.071	chr14	49598592	49599262	CTCF	1.0	25.0	25	CTCF	1504.048	1580.0	1580.0	670	chr14	49598740	49598759	-motif1394	49598745	A	G	1|0	REF	4.009	1.513	5.521	CCCCACCGACTGCCGGTTT	CCCCGCCGACTGCCGGTTT	4.009	1	2	1	SNP that moderately affects CTCF motif strength.	HG2	1188	0	HepG2	bad	1	0
chr15_77118900_77119090	-4.833	-0.025	chr15	77118900	77119090	CTCF	57.0	2.0	57	CTCF	6363.022	6474.0	6474.0	190	chr15	77119043	77119062	+motif1502	77119052	T	A	0|1	ALT	1.249	0.0	1.249	.	CAGGCTGCAGAAGGTTGAA	1.249	1	1	1	SNP that moderately affects CTCF motif strength.	HG2	1293	0	HepG2	bad	1	0
chr15_77910508_77911030	8.721	0.03	chr15	77910508	77911030	CTCF	1.0	422.0	422	CTCF	6034.0	5910.022	6034.0	522	chr15	77910706	77910725	-motif1506	77910717	C	T	1|0	REF	4.176	7.678	11.853	CAGTGCCCTTCGGTGCCGG	CAGTGCCCTTTGGTGCCGG	4.176	1	3	1	SNP that moderately affects CTCF motif strength.	HG2	1295	0	HepG2	bad	1	1
chr15_77910508_77911030	8.721	0.03	chr15	77910508	77911030	CTCF	1.0	422.0	422	CTCF	6034.0	5910.022	6034.0	522	chr15	77910675	77910694	+motif1505	77910691	T	G	1|0	REF	3.665	0.0	3.665	.	GGAACGGAAGATGCCGGGG	3.665	1	3	1	SNP that moderately affects CTCF motif strength.	HG2	1295	0	HepG2	bad	1	0
chr15_77910508_77911030	8.721	0.03	chr15	77910508	77911030	CTCF	1.0	422.0	422	CTCF	6034.0	5910.022	6034.0	522	chr15	77910584	77910603	+motif1504	77910603	A	G	1|0	ALT	0.038	4.079	4.041	CAGCCTGGAGGAGCCTGCA	CAGCCTGGAGGAGCCTGCG	0.038	0	3	1	SNP that moderately affects CTCF motif strength.	HG2	1295	0	HepG2	bad	1	0
chr15_78751158_78751292	7.271	0.088	chr15	78751158	78751292	CTCF	2.0	309.0	309	CTCF	8999.0	8466.067	8999.0	134	chr15	78751230	78751249	-motif1509	78751238	C	T	1|0	ALT	3.78	18.197	14.417	CAGCGCCCCCTTGTGAGCG	CAGCGCCTCCTTGTGAGCG	3.78	1	1	1	SNP that moderately affects CTCF motif strength.	HG2	1301	0	HepG2	bad	1	1
chr15_90301318_90301456	-5.375	-0.027	chr15	90301318	90301456	CTCF	166.0	4.0	166	CTCF	7408.021	7548.0	7548.0	138	chr15	90301379	90301398	-motif1566	90301380	C	T	0|1	ALT	0.038	24.585	24.624	CCCTGCCCCCTAGTGGCCA	TCCTGCCCCCTAGTGGCCA	0.038	0	1	0	SNP with no meaningful effect on CTCF motif strength.	HG2	1328	0	HepG2	bad	1	1
chr16_11326771_11327180	-6.087	-0.063	chr16	11326771	11327180	CTCF	68.0	1.0	68	CTCF	241.918	252.75	252.75	409	chr16	11326902	11326921	-motif1673	11326912	C	G	0|1	REF	1.346	1.346	0.0	CAACTACCCCACATGGTCA	.	1.346	1	1	1	SNP that moderately affects CTCF motif strength.	HG2	1364	0	HepG2	bad	1	0
chr16_13904931_13905140	6.426	-0.039	chr16	13904931	13905140	CTCF	1.0	86.0	86	CTCF	4828.031	4959.0	4959.0	209	chr16	13905014	13905033	+motif1684	13905023	A	T	1|0	ALT	5.563	8.411	2.848	TGGTCTAGAGGTGACGCCA	TGGTCTAGTGGTGACGCCA	5.563	2	1	2	SNP that strongly alters CTCF motif strength.	HG2	1381	0	HepG2	bad	1	1
chr16_14974880_14975298	-5.209	0.013	chr16	14974880	14975298	CTCF	37.0	1.0	37	CTCF	683.0	677.009	683.0	418	chr16	14975049	14975068	-motif1687	14975051	C	G	0|1	ALT	2.141	3.872	6.013	CCGCGGCGCCGCCTGGCAG	CGGCGGCGCCGCCTGGCAG	2.141	1	3	2	SNP that strongly alters CTCF motif strength.	HG2	1385	0	HepG2	bad	1	0
chr16_14974880_14975298	-5.209	0.013	chr16	14974880	14975298	CTCF	37.0	1.0	37	CTCF	683.0	677.009	683.0	418	chr16	14975038	14975057	+motif1685	14975051	C	G	0|1	ALT	2.765	0.0	2.765	.	GGTTCGGCAGCCGGCGGCG	2.765	1	3	2	SNP that strongly alters CTCF motif strength.	HG2	1385	0	HepG2	bad	1	0
chr16_14974880_14975298	-5.209	0.013	chr16	14974880	14975298	CTCF	37.0	1.0	37	CTCF	683.0	677.009	683.0	418	chr16	14975041	14975060	+motif1686	14975051	C	G	0|1	ALT	10.823	0.0	10.823	.	TCGGCAGCCGGCGGCGCCG	10.823	2	3	2	SNP that strongly alters CTCF motif strength.	HG2	1385	0	HepG2	bad	1	1
chr16_29179386_29179954	-6.508	-0.002	chr16	29179386	29179954	CTCF	91.0	1.0	91	CTCF	577.752	578.75	578.75	568	chr16	29179756	29179775	-motif1716	29179759	A	G	0|1	ALT	1.215	0.0	1.215	.	CCGGAGCCTCCTGTGGCCC	1.215	1	3	1	SNP that moderately affects CTCF motif strength.	HG2	1425	0	HepG2	bad	1	0
chr16_29179386_29179954	-6.508	-0.002	chr16	29179386	29179954	CTCF	91.0	1.0	91	CTCF	577.752	578.75	578.75	568	chr16	29179741	29179760	-motif1715	29179759	A	G	0|1	ALT	0.19	14.752	14.942	GGGCTCCCCCTGCCGCCAG	GGGCTCCCCCTGCCGCCGG	0.19	0	3	1	SNP that moderately affects CTCF motif strength.	HG2	1425	0	HepG2	bad	1	1
chr16_29179386_29179954	-6.508	-0.002	chr16	29179386	29179954	CTCF	91.0	1.0	91	CTCF	577.752	578.75	578.75	568	chr16	29179757	29179776	-motif1717	29179759	A	G	0|1	ALT	0.259	4.951	5.209	CAGAGCCTCCTGTGGCCCG	CGGAGCCTCCTGTGGCCCG	0.259	0	3	1	SNP that moderately affects CTCF motif strength.	HG2	1425	0	HepG2	bad	1	0
chr16_6573691_6573900	3.409	2.755	chr16	6573691	6573900	CTCF	8.0	85.0	85	CTCF	3717.75	550.602	3717.75	209	chr16	6573822	6573841	-motif1638	6573832	A	C	1|0	REF	8.79	6.942	15.732	CAGTGACACACGCTGGCCT	CAGTGACACCCGCTGGCCT	8.79	2	1	2	SNP that strongly alters CTCF motif strength.	HG2	1474	1	HepG2	good	1	1
chr16_87496311_87496520	-5.781	0.04	chr16	87496311	87496520	CTCF	55.0	1.0	55	CTCF	1876.0	1825.026	1876.0	209	chr16	87496352	87496371	+motif1819	87496358	G	A	0|1	ALT	2.255	0.0	2.255	.	GGAGCAGCTGAGATCGCTG	2.255	1	1	1	SNP that moderately affects CTCF motif strength.	HG2	1555	0	HepG2	bad	1	0
chr16_87678735_87678895	3.503	2.547	chr16	87678735	87678895	CTCF	9.0	102.0	102	CTCF	3826.0	654.829	3826.0	160	chr16	87678750	87678769	-motif1827	87678760	T	C	1|0	REF	8.053	5.037	13.091	GAGTGCCCTTGTGAGGCAG	GAGTGCCCTCGTGAGGCAG	8.053	2	1	2	SNP that strongly alters CTCF motif strength.	HG2	1559	1	HepG2	good	1	1
chr17_47843131_47843340	8.276	0.09	chr17	47843131	47843340	CTCF	1.0	310.0	310	CTCF	8120.0	7628.062	8120.0	209	chr17	47843194	47843213	-motif1935	47843212	T	C	0|1	ALT	0.178	0.0	0.178	.	GTTCATCTCCTGCAGTTCC	0.178	0	1	0	SNP with no meaningful effect on CTCF motif strength.	HG2	1635	0	HepG2	bad	0	0
chr17_75012190_75013092	-7.295	0.003	chr17	75012190	75013092	CTCF	157.0	1.0	157	CTCF	1109.0	1107.001	1109.0	902	chr17	75012523	75012542	+motif2027	75012535,75012536	A,G	G,A	0|1,0|1	REF	2.99	13.224	10.234	AGGCCTCCCGGAGGCGGCC	AGGCCTCCCGGGAGCGGCC	2.99	1	4	2	SNP that strongly alters CTCF motif strength.	HG2	1720	0	HepG2	bad	2	1
chr17_75012190_75013092	-7.295	0.003	chr17	75012190	75013092	CTCF	157.0	1.0	157	CTCF	1109.0	1107.001	1109.0	902	chr17	75012526	75012545	+motif2028	75012535,75012536	A,G	G,A	0|1,0|1	REF	2.302	2.302	0.0	CCTCCCGGAGGCGGCCGGC	.	2.302	1	4	2	SNP that strongly alters CTCF motif strength.	HG2	1720	0	HepG2	bad	2	0
chr17_75012190_75013092	-7.295	0.003	chr17	75012190	75013092	CTCF	157.0	1.0	157	CTCF	1109.0	1107.001	1109.0	902	chr17	75012521	75012540	-motif2026	75012535,75012536	A,G	G,A	0|1,0|1	REF	5.07	5.07	0.0	CCAGGCCTCCCGGAGGCGG	.	5.07	2	4	2	SNP that strongly alters CTCF motif strength.	HG2	1720	0	HepG2	bad	2	0
chr17_75012190_75013092	-7.295	0.003	chr17	75012190	75013092	CTCF	157.0	1.0	157	CTCF	1109.0	1107.001	1109.0	902	chr17	75012527	75012546	+motif2029	75012535,75012536	A,G	G,A	0|1,0|1	ALT	2.201	0.0	2.201	.	CTCCCGGGAGCGGCCGGCC	2.201	1	4	2	SNP that strongly alters CTCF motif strength.	HG2	1720	0	HepG2	bad	2	0
chr17_75524864_75525902	-5.585	0.001	chr17	75524864	75525902	CTCF	48.0	1.0	48	CTCF	2752.0	2751.001	2752.0	1038	chr17	75525500	75525519	-motif2032	75525518	C	1/1	CTGCGGAACCCCGAGGCAG	REF	0.0	0.082	0.082			0.0	0	1	0	SNP with no meaningful effect on CTCF motif strength.	HG2	1725	0	HepG2	bad	2	0
chr18_30081221_30081430	3.807	3.097	chr18	30081221	30081430	CTCF	2.0	28.0	28	CTCF	1400.125	163.633	1400.125	209	chr18	30081303	30081322	-motif2168	30081307	G	C	0|1	ALT	3.799	0.0	3.799	.	TGGCGACATCAAGTTGGCC	3.799	1	2	2	SNP that strongly alters CTCF motif strength.	HG2	1815	1	HepG2	good	0	0
chr18_30081221_30081430	3.807	3.097	chr18	30081221	30081430	CTCF	2.0	28.0	28	CTCF	1400.125	163.633	1400.125	209	chr18	30081292	30081311	+motif2167	30081307	G	C	0|1	ALT	7.195	7.87	15.066	CTTCCTGTAGATGGGGACA	CTTCCTGTAGATGGCGACA	7.195	2	2	2	SNP that strongly alters CTCF motif strength.	HG2	1815	1	HepG2	good	0	1
chr18_7568503_7568791	-6.672	-0.001	chr18	7568503	7568791	CTCF	102.0	1.0	102	CTCF	3848.002	3852.0	3852.0	288	chr18	7568651	7568670	+motif2130	7568654	G	A	0|1	REF	1.234	1.952	0.719	CGGCTGCCCGGGGGTCCCA	CGACTGCCCGGGGGTCCCA	1.234	1	1	1	SNP that moderately affects CTCF motif strength.	HG2	1892	0	HepG2	bad	1	0
chr19_12440863_12441259	-5.459	-0.036	chr19	12440863	12441259	CTCF	44.0	1.0	44	CTCF	2762.024	2832.0	2832.0	396	chr19	12441231	12441250	-motif2319	12441249	G	C	0|1	ALT	0.912	0.0	0.912	.	CACAGCCCTTGGCAGGGCG	0.912	0	1	0	SNP with no meaningful effect on CTCF motif strength.	HG2	1916	0	HepG2	bad	1	0
chr19_14288935_14289055	6.267	-0.046	chr19	14288935	14289055	CTCF	1.0	77.0	77	CTCF	6548.03	6760.0	6760.0	120	chr19	14289019	14289038	+motif2329	14289028	A	G	1|0	ALT	4.176	8.79	4.615	GAGGCTGCAGAGGGAACAG	GAGGCTGCGGAGGGAACAG	4.176	1	2	1	SNP that moderately affects CTCF motif strength.	HG2	1927	0	HepG2	bad	1	1
chr19_14288935_14289055	6.267	-0.046	chr19	14288935	14289055	CTCF	1.0	77.0	77	CTCF	6548.03	6760.0	6760.0	120	chr19	14289010	14289029	+motif2328	14289028	A	G	1|0	ALT	0.123	3.931	3.808	CGCCCTCTGGAGGCTGCAG	CGCCCTCTGGAGGCTGCGG	0.123	0	2	1	SNP that moderately affects CTCF motif strength.	HG2	1927	0	HepG2	bad	1	0
chr19_52570131_52570269	3.858	-0.02	chr19	52570131	52570269	CTCF	2.0	29.0	29	CTCF	2160.013	2190.0	2190.0	138	chr19	52570186	52570205	+motif2411	52570193	C	A	0|1	REF	2.44	2.44	0.0	TCTCCGCCTGGGGCCCCGC	.	2.44	1	2	1	SNP that moderately affects CTCF motif strength.	HG2	2023	0	HepG2	bad	0	0
chr19_52570131_52570269	3.858	-0.02	chr19	52570131	52570269	CTCF	2.0	29.0	29	CTCF	2160.013	2190.0	2190.0	138	chr19	52570184	52570203	-motif2410	52570193	C	A	0|1	REF	2.806	2.806	0.0	TCTCTCCGCCTGGGGCCCC	.	2.806	1	2	1	SNP that moderately affects CTCF motif strength.	HG2	2023	0	HepG2	bad	0	0
chr20_23782408_23782770	-4.524	0.059	chr20	23782408	23782770	CTCF	23.0	1.0	23	CTCF	5650.0	5425.038	5650.0	362	chr20	23782613	23782632	-motif3009	23782630	G	A	0|1	ALT	0.894	1.078	1.972	AGCCTCACCCTGCGGAGCA	AGCCTCACCCTGCGGAACA	0.894	0	3	0	SNP with no meaningful effect on CTCF motif strength.	HG2	2603	0	HepG2	bad	1	0
chr20_23782408_23782770	-4.524	0.059	chr20	23782408	23782770	CTCF	23.0	1.0	23	CTCF	5650.0	5425.038	5650.0	362	chr20	23782612	23782631	-motif3008	23782630	G	A	0|1	REF	0.19	0.872	0.682	CAGCCTCACCCTGCGGAGC	CAGCCTCACCCTGCGGAAC	0.19	0	3	0	SNP with no meaningful effect on CTCF motif strength.	HG2	2603	0	HepG2	bad	1	0
chr20_23782408_23782770	-4.524	0.059	chr20	23782408	23782770	CTCF	23.0	1.0	23	CTCF	5650.0	5425.038	5650.0	362	chr20	23782557	23782576	+motif3007	23782574	C	1/1	CCACCAGAGGGAAGCATTC	REF	0.0	2.471	2.471			0.0	0	3	0	SNP with no meaningful effect on CTCF motif strength.	HG2	2603	0	HepG2	bad	2	0
chr21_34889630_34890448	-4.644	-0.006	chr21	34889630	34890448	CTCF	25.0	1.0	25	CTCF	984.004	988.0	988.0	818	chr21	34889811	34889830	+motif3111	34889819	C	A	0|1	REF	2.574	6.777	4.203	CTCCCAGCGGAGGCTGCTC	CTCCCAGAGGAGGCTGCTC	2.574	1	3	1	SNP that moderately affects CTCF motif strength.	HG2	2752	0	HepG2	bad	1	0
chr21_34889630_34890448	-4.644	-0.006	chr21	34889630	34890448	CTCF	25.0	1.0	25	CTCF	984.004	988.0	988.0	818	chr21	34889810	34889829	+motif3110	34889819	C	A	0|1	ALT	0.092	0.0	0.092	.	CCTCCCAGAGGAGGCTGCT	0.092	0	3	1	SNP that moderately affects CTCF motif strength.	HG2	2752	0	HepG2	bad	1	0
chr21_34889630_34890448	-4.644	-0.006	chr21	34889630	34890448	CTCF	25.0	1.0	25	CTCF	984.004	988.0	988.0	818	chr21	34889805	34889824	-motif3109	34889819	C	A	0|1	REF	0.072	4.146	4.074	GGCTCCCTCCCAGCGGAGG	GGCTCCCTCCCAGAGGAGG	0.072	0	3	1	SNP that moderately affects CTCF motif strength.	HG2	2752	0	HepG2	bad	1	0
